permutation_index,sample,value
0,0,0
1,0,1
2,0,2
3,0,3
4,0,9
5,0,5
6,0,6
7,0,7
8,0,8
9,0,4
0,1,6
1,1,1
2,1,7
3,1,3
4,1,9
5,1,0
6,1,5
7,1,2
8,1,8
9,1,4
0,2,7
1,2,1
2,2,6
3,2,3
4,2,9
5,2,0
6,2,4
7,2,2
8,2,5
9,2,8
0,3,3
1,3,1
2,3,8
3,3,7
4,3,6
5,3,0
6,3,4
7,3,2
8,3,5
9,3,9
0,4,3
1,4,9
2,4,8
3,4,7
4,4,6
5,4,0
6,4,4
7,4,2
8,4,5
9,4,1
0,5,3
1,5,9
2,5,8
3,5,5
4,5,6
5,5,7
6,5,2
7,5,4
8,5,0
9,5,1
0,6,3
1,6,9
2,6,8
3,6,6
4,6,5
5,6,7
6,6,2
7,6,4
8,6,0
9,6,1
0,7,9
1,7,3
2,7,8
3,7,6
4,7,5
5,7,7
6,7,2
7,7,0
8,7,1
9,7,4
0,8,9
1,8,3
2,8,5
3,8,6
4,8,0
5,8,1
6,8,2
7,8,8
8,8,7
9,8,4
0,9,9
1,9,3
2,9,7
3,9,6
4,9,0
5,9,5
6,9,4
7,9,8
8,9,1
9,9,2
0,10,9
1,10,7
2,10,0
3,10,6
4,10,3
5,10,5
6,10,2
7,10,8
8,10,1
9,10,4
0,11,0
1,11,9
2,11,7
3,11,6
4,11,3
5,11,5
6,11,4
7,11,8
8,11,1
9,11,2
0,12,0
1,12,5
2,12,4
3,12,6
4,12,3
5,12,7
6,12,9
7,12,8
8,12,1
9,12,2
0,13,1
1,13,5
2,13,4
3,13,7
4,13,8
5,13,6
6,13,9
7,13,3
8,13,0
9,13,2
0,14,4
1,14,5
2,14,1
3,14,7
4,14,0
5,14,6
6,14,2
7,14,3
8,14,8
9,14,9
0,15,6
1,15,5
2,15,1
3,15,7
4,15,0
5,15,3
6,15,2
7,15,9
8,15,8
9,15,4
0,16,6
1,16,1
2,16,5
3,16,4
4,16,3
5,16,0
6,16,2
7,16,9
8,16,8
9,16,7
0,17,7
1,17,9
2,17,1
3,17,4
4,17,3
5,17,0
6,17,2
7,17,5
8,17,8
9,17,6
0,18,7
1,18,9
2,18,4
3,18,0
4,18,3
5,18,1
6,18,2
7,18,8
8,18,5
9,18,6
0,19,7
1,19,4
2,19,9
3,19,6
4,19,3
5,19,1
6,19,8
7,19,2
8,19,5
9,19,0
0,20,7
1,20,4
2,20,9
3,20,0
4,20,5
5,20,2
6,20,8
7,20,1
8,20,3
9,20,6
0,21,7
1,21,4
2,21,1
3,21,0
4,21,5
5,21,9
6,21,8
7,21,3
8,21,2
9,21,6
0,22,3
1,22,8
2,22,1
3,22,0
4,22,5
5,22,9
6,22,7
7,22,4
8,22,2
9,22,6
0,23,3
1,23,2
2,23,1
3,23,0
4,23,5
5,23,9
6,23,7
7,23,4
8,23,8
9,23,6
0,24,7
1,24,3
2,24,1
3,24,0
4,24,5
5,24,9
6,24,2
7,24,8
8,24,4
9,24,6
0,25,8
1,25,5
2,25,1
3,25,0
4,25,3
5,25,9
6,25,7
7,25,2
8,25,4
9,25,6
0,26,0
1,26,4
2,26,1
3,26,8
4,26,2
5,26,9
6,26,7
7,26,3
8,26,5
9,26,6
0,27,0
1,27,9
2,27,1
3,27,6
4,27,2
5,27,8
6,27,7
7,27,3
8,27,5
9,27,4
0,28,0
1,28,9
2,28,5
3,28,2
4,28,6
5,28,8
6,28,7
7,28,4
8,28,1
9,28,3
0,29,7
1,29,4
2,29,5
3,29,1
4,29,6
5,29,8
6,29,0
7,29,9
8,29,2
9,29,3
0,30,7
1,30,2
2,30,5
3,30,1
4,30,6
5,30,3
6,30,0
7,30,4
8,30,9
9,30,8
0,31,5
1,31,2
2,31,9
3,31,1
4,31,7
5,31,3
6,31,0
7,31,4
8,31,6
9,31,8
0,32,5
1,32,2
2,32,4
3,32,1
4,32,8
5,32,3
6,32,0
7,32,9
8,32,7
9,32,6
0,33,3
1,33,2
2,33,7
3,33,1
4,33,8
5,33,4
6,33,0
7,33,9
8,33,5
9,33,6
0,34,9
1,34,3
2,34,7
3,34,1
4,34,8
5,34,5
6,34,0
7,34,2
8,34,4
9,34,6
0,35,9
1,35,2
2,35,7
3,35,1
4,35,8
5,35,5
6,35,0
7,35,3
8,35,4
9,35,6
0,36,9
1,36,7
2,36,1
3,36,5
4,36,8
5,36,2
6,36,0
7,36,3
8,36,4
9,36,6
0,37,9
1,37,7
2,37,1
3,37,8
4,37,6
5,37,2
6,37,0
7,37,4
8,37,3
9,37,5
0,38,6
1,38,7
2,38,1
3,38,8
4,38,9
5,38,0
6,38,5
7,38,4
8,38,3
9,38,2
0,39,6
1,39,7
2,39,9
3,39,8
4,39,0
5,39,3
6,39,5
7,39,4
8,39,1
9,39,2
0,40,3
1,40,6
2,40,9
3,40,8
4,40,0
5,40,5
6,40,7
7,40,4
8,40,1
9,40,2
0,41,1
1,41,6
2,41,5
3,41,7
4,41,0
5,41,9
6,41,8
7,41,4
8,41,3
9,41,2
0,42,5
1,42,6
2,42,1
3,42,7
4,42,0
5,42,3
6,42,9
7,42,4
8,42,8
9,42,2
0,43,0
1,43,6
2,43,9
3,43,7
4,43,2
5,43,3
6,43,1
7,43,4
8,43,8
9,43,5
0,44,0
1,44,6
2,44,5
3,44,7
4,44,1
5,44,3
6,44,4
7,44,2
8,44,8
9,44,9
0,45,0
1,45,1
2,45,5
3,45,3
4,45,6
5,45,7
6,45,8
7,45,2
8,45,4
9,45,9
0,46,0
1,46,1
2,46,5
3,46,4
4,46,2
5,46,7
6,46,8
7,46,6
8,46,9
9,46,3
0,47,2
1,47,8
2,47,5
3,47,0
4,47,4
5,47,7
6,47,1
7,47,6
8,47,9
9,47,3
0,48,9
1,48,0
2,48,5
3,48,8
4,48,3
5,48,7
6,48,1
7,48,6
8,48,2
9,48,4
0,49,6
1,49,0
2,49,4
3,49,8
4,49,2
5,49,7
6,49,1
7,49,9
8,49,3
9,49,5
0,50,5
1,50,8
2,50,7
3,50,0
4,50,2
5,50,4
6,50,1
7,50,9
8,50,3
9,50,6
0,51,5
1,51,9
2,51,7
3,51,1
4,51,2
5,51,4
6,51,3
7,51,8
8,51,0
9,51,6
0,52,5
1,52,9
2,52,7
3,52,1
4,52,6
5,52,0
6,52,4
7,52,8
8,52,3
9,52,2
0,53,4
1,53,9
2,53,7
3,53,1
4,53,6
5,53,0
6,53,2
7,53,5
8,53,3
9,53,8
0,54,4
1,54,9
2,54,0
3,54,1
4,54,5
5,54,8
6,54,2
7,54,6
8,54,3
9,54,7
0,55,4
1,55,9
2,55,2
3,55,1
4,55,5
5,55,6
6,55,3
7,55,8
8,55,0
9,55,7
0,56,4
1,56,9
2,56,2
3,56,8
4,56,5
5,56,6
6,56,7
7,56,1
8,56,3
9,56,0
0,57,1
1,57,3
2,57,2
3,57,8
4,57,5
5,57,9
6,57,7
7,57,4
8,57,6
9,57,0
0,58,1
1,58,4
2,58,5
3,58,8
4,58,9
5,58,2
6,58,7
7,58,3
8,58,6
9,58,0
0,59,6
1,59,4
2,59,0
3,59,8
4,59,5
5,59,2
6,59,7
7,59,3
8,59,1
9,59,9
0,60,6
1,60,4
2,60,0
3,60,3
4,60,1
5,60,2
6,60,7
7,60,9
8,60,5
9,60,8
0,61,6
1,61,4
2,61,0
3,61,2
4,61,1
5,61,9
6,61,7
7,61,3
8,61,8
9,61,5
0,62,5
1,62,4
2,62,0
3,62,2
4,62,3
5,62,9
6,62,1
7,62,7
8,62,8
9,62,6
0,63,5
1,63,4
2,63,6
3,63,2
4,63,3
5,63,1
6,63,9
7,63,8
8,63,7
9,63,0
0,64,5
1,64,4
2,64,6
3,64,2
4,64,3
5,64,1
6,64,9
7,64,7
8,64,8
9,64,0
0,65,5
1,65,2
2,65,4
3,65,6
4,65,3
5,65,1
6,65,0
7,65,7
8,65,8
9,65,9
0,66,5
1,66,2
2,66,4
3,66,3
4,66,6
5,66,7
6,66,9
7,66,1
8,66,8
9,66,0
0,67,5
1,67,2
2,67,4
3,67,3
4,67,9
5,67,7
6,67,1
7,67,0
8,67,8
9,67,6
0,68,6
1,68,2
2,68,9
3,68,3
4,68,1
5,68,7
6,68,4
7,68,0
8,68,8
9,68,5
0,69,0
1,69,6
2,69,9
3,69,5
4,69,1
5,69,7
6,69,4
7,69,2
8,69,8
9,69,3
0,70,0
1,70,2
2,70,6
3,70,1
4,70,5
5,70,7
6,70,4
7,70,9
8,70,8
9,70,3
0,71,0
1,71,2
2,71,7
3,71,5
4,71,1
5,71,6
6,71,4
7,71,9
8,71,3
9,71,8
0,72,6
1,72,2
2,72,7
3,72,5
4,72,0
5,72,4
6,72,1
7,72,9
8,72,3
9,72,8
0,73,3
1,73,2
2,73,7
3,73,4
4,73,5
5,73,0
6,73,1
7,73,9
8,73,6
9,73,8
0,74,3
1,74,9
2,74,7
3,74,4
4,74,2
5,74,0
6,74,8
7,74,5
8,74,6
9,74,1
0,75,3
1,75,9
2,75,1
3,75,4
4,75,8
5,75,0
6,75,5
7,75,2
8,75,6
9,75,7
0,76,3
1,76,9
2,76,2
3,76,4
4,76,8
5,76,6
6,76,7
7,76,1
8,76,0
9,76,5
0,77,3
1,77,6
2,77,2
3,77,9
4,77,8
5,77,4
6,77,7
7,77,1
8,77,5
9,77,0
0,78,6
1,78,3
2,78,2
3,78,9
4,78,1
5,78,0
6,78,7
7,78,8
8,78,5
9,78,4
0,79,6
1,79,7
2,79,3
3,79,9
4,79,1
5,79,0
6,79,2
7,79,8
8,79,4
9,79,5
0,80,3
1,80,1
2,80,9
3,80,6
4,80,7
5,80,0
6,80,2
7,80,8
8,80,4
9,80,5
0,81,4
1,81,1
2,81,6
3,81,9
4,81,7
5,81,0
6,81,5
7,81,8
8,81,3
9,81,2
0,82,7
1,82,1
2,82,6
3,82,4
4,82,3
5,82,0
6,82,5
7,82,8
8,82,9
9,82,2
0,83,5
1,83,1
2,83,6
3,83,0
4,83,3
5,83,4
6,83,9
7,83,8
8,83,7
9,83,2
0,84,0
1,84,8
2,84,6
3,84,5
4,84,1
5,84,4
6,84,9
7,84,3
8,84,7
9,84,2
0,85,0
1,85,1
2,85,6
3,85,7
4,85,8
5,85,5
6,85,9
7,85,3
8,85,4
9,85,2
0,86,0
1,86,3
2,86,6
3,86,1
4,86,8
5,86,7
6,86,9
7,86,5
8,86,4
9,86,2
0,87,7
1,87,3
2,87,6
3,87,1
4,87,9
5,87,0
6,87,2
7,87,5
8,87,4
9,87,8
0,88,5
1,88,3
2,88,6
3,88,1
4,88,4
5,88,0
6,88,2
7,88,7
8,88,8
9,88,9
0,89,9
1,89,1
2,89,5
3,89,3
4,89,4
5,89,0
6,89,2
7,89,7
8,89,8
9,89,6
0,90,8
1,90,6
2,90,5
3,90,3
4,90,0
5,90,4
6,90,2
7,90,7
8,90,9
9,90,1
0,91,4
1,91,6
2,91,5
3,91,7
4,91,2
5,91,8
6,91,0
7,91,3
8,91,9
9,91,1
0,92,4
1,92,0
2,92,3
3,92,7
4,92,2
5,92,8
6,92,6
7,92,1
8,92,9
9,92,5
0,93,4
1,93,9
2,93,0
3,93,7
4,93,6
5,93,8
6,93,2
7,93,1
8,93,3
9,93,5
0,94,4
1,94,9
2,94,6
3,94,8
4,94,0
5,94,7
6,94,2
7,94,1
8,94,5
9,94,3
0,95,4
1,95,9
2,95,3
3,95,7
4,95,0
5,95,1
6,95,2
7,95,8
8,95,5
9,95,6
0,96,5
1,96,9
2,96,6
3,96,4
4,96,0
5,96,1
6,96,2
7,96,8
8,96,7
9,96,3
0,97,5
1,97,1
2,97,6
3,97,9
4,97,0
5,97,4
6,97,2
7,97,8
8,97,3
9,97,7
0,98,6
1,98,7
2,98,5
3,98,9
4,98,1
5,98,4
6,98,2
7,98,8
8,98,3
9,98,0
0,99,6
1,99,8
2,99,5
3,99,9
4,99,4
5,99,7
6,99,2
7,99,1
8,99,3
9,99,0
0,100,5
1,100,8
2,100,6
3,100,9
4,100,4
5,100,7
6,100,2
7,100,1
8,100,3
9,100,0
0,101,5
1,101,8
2,101,3
3,101,9
4,101,4
5,101,7
6,101,2
7,101,1
8,101,6
9,101,0
0,102,5
1,102,6
2,102,3
3,102,9
4,102,7
5,102,8
6,102,2
7,102,1
8,102,4
9,102,0
0,103,9
1,103,7
2,103,5
3,103,3
4,103,6
5,103,8
6,103,2
7,103,1
8,103,4
9,103,0
0,104,6
1,104,9
2,104,5
3,104,3
4,104,1
5,104,8
6,104,2
7,104,7
8,104,4
9,104,0
0,105,6
1,105,9
2,105,5
3,105,3
4,105,4
5,105,8
6,105,2
7,105,7
8,105,1
9,105,0
0,106,9
1,106,5
2,106,1
3,106,3
4,106,4
5,106,8
6,106,2
7,106,7
8,106,6
9,106,0
0,107,9
1,107,8
2,107,1
3,107,3
4,107,2
5,107,5
6,107,7
7,107,4
8,107,6
9,107,0
0,108,0
1,108,7
2,108,1
3,108,3
4,108,9
5,108,5
6,108,8
7,108,4
8,108,6
9,108,2
0,109,1
1,109,7
2,109,2
3,109,8
4,109,9
5,109,5
6,109,3
7,109,4
8,109,6
9,109,0
0,110,1
1,110,9
2,110,6
3,110,8
4,110,7
5,110,2
6,110,3
7,110,4
8,110,5
9,110,0
0,111,2
1,111,1
2,111,7
3,111,8
4,111,6
5,111,9
6,111,3
7,111,4
8,111,5
9,111,0
0,112,7
1,112,8
2,112,1
3,112,2
4,112,6
5,112,9
6,112,3
7,112,4
8,112,5
9,112,0
0,113,7
1,113,9
2,113,1
3,113,3
4,113,6
5,113,8
6,113,4
7,113,2
8,113,5
9,113,0
0,114,8
1,114,6
2,114,1
3,114,3
4,114,9
5,114,7
6,114,5
7,114,2
8,114,4
9,114,0
0,115,4
1,115,9
2,115,1
3,115,3
4,115,7
5,115,6
6,115,5
7,115,2
8,115,8
9,115,0
0,116,1
1,116,9
2,116,4
3,116,3
4,116,7
5,116,8
6,116,0
7,116,2
8,116,6
9,116,5
0,117,1
1,117,6
2,117,4
3,117,3
4,117,8
5,117,7
6,117,2
7,117,0
8,117,9
9,117,5
0,118,1
1,118,5
2,118,0
3,118,4
4,118,8
5,118,7
6,118,2
7,118,3
8,118,9
9,118,6
0,119,1
1,119,3
2,119,6
3,119,7
4,119,8
5,119,4
6,119,2
7,119,5
8,119,9
9,119,0
0,120,1
1,120,3
2,120,0
3,120,7
4,120,8
5,120,4
6,120,6
7,120,2
8,120,9
9,120,5
0,121,7
1,121,3
2,121,4
3,121,1
4,121,8
5,121,6
6,121,0
7,121,2
8,121,9
9,121,5
0,122,7
1,122,2
2,122,9
3,122,1
4,122,8
5,122,6
6,122,4
7,122,3
8,122,0
9,122,5
0,123,7
1,123,2
2,123,9
3,123,5
4,123,8
5,123,0
6,123,6
7,123,3
8,123,4
9,123,1
0,124,7
1,124,2
2,124,6
3,124,5
4,124,0
5,124,8
6,124,3
7,124,9
8,124,4
9,124,1
0,125,7
1,125,1
2,125,8
3,125,5
4,125,9
5,125,6
6,125,3
7,125,0
8,125,4
9,125,2
0,126,7
1,126,0
2,126,5
3,126,9
4,126,8
5,126,6
6,126,3
7,126,1
8,126,4
9,126,2
0,127,7
1,127,0
2,127,5
3,127,1
4,127,8
5,127,3
6,127,6
7,127,4
8,127,9
9,127,2
0,128,4
1,128,0
2,128,5
3,128,1
4,128,7
5,128,3
6,128,6
7,128,9
8,128,8
9,128,2
0,129,3
1,129,7
2,129,5
3,129,2
4,129,0
5,129,4
6,129,6
7,129,9
8,129,8
9,129,1
0,130,3
1,130,2
2,130,5
3,130,9
4,130,0
5,130,7
6,130,6
7,130,4
8,130,8
9,130,1
0,131,3
1,131,2
2,131,1
3,131,9
4,131,0
5,131,4
6,131,6
7,131,5
8,131,8
9,131,7
0,132,3
1,132,2
2,132,1
3,132,9
4,132,0
5,132,6
6,132,7
7,132,5
8,132,4
9,132,8
0,133,9
1,133,2
2,133,1
3,133,8
4,133,3
5,133,6
6,133,7
7,133,5
8,133,4
9,133,0
0,134,9
1,134,1
2,134,6
3,134,8
4,134,3
5,134,4
6,134,7
7,134,5
8,134,2
9,134,0
0,135,9
1,135,1
2,135,6
3,135,3
4,135,5
5,135,0
6,135,7
7,135,8
8,135,2
9,135,4
0,136,0
1,136,1
2,136,6
3,136,3
4,136,5
5,136,7
6,136,8
7,136,9
8,136,2
9,136,4
0,137,4
1,137,1
2,137,6
3,137,3
4,137,5
5,137,0
6,137,9
7,137,8
8,137,2
9,137,7
0,138,7
1,138,5
2,138,6
3,138,8
4,138,1
5,138,0
6,138,9
7,138,3
8,138,2
9,138,4
0,139,7
1,139,5
2,139,6
3,139,8
4,139,1
5,139,9
6,139,3
7,139,2
8,139,0
9,139,4
0,140,9
1,140,5
2,140,6
3,140,8
4,140,1
5,140,4
6,140,3
7,140,2
8,140,7
9,140,0
0,141,7
1,141,5
2,141,6
3,141,8
4,141,2
5,141,9
6,141,3
7,141,1
8,141,4
9,141,0
0,142,8
1,142,5
2,142,0
3,142,7
4,142,2
5,142,9
6,142,3
7,142,6
8,142,4
9,142,1
0,143,8
1,143,5
2,143,0
3,143,7
4,143,2
5,143,1
6,143,3
7,143,6
8,143,4
9,143,9
0,144,8
1,144,2
2,144,0
3,144,4
4,144,7
5,144,1
6,144,3
7,144,6
8,144,5
9,144,9
0,145,8
1,145,6
2,145,3
3,145,4
4,145,7
5,145,1
6,145,9
7,145,2
8,145,5
9,145,0
0,146,2
1,146,6
2,146,3
3,146,8
4,146,7
5,146,1
6,146,0
7,146,4
8,146,5
9,146,9
0,147,0
1,147,6
2,147,8
3,147,3
4,147,9
5,147,1
6,147,2
7,147,4
8,147,5
9,147,7
0,148,0
1,148,9
2,148,8
3,148,5
4,148,6
5,148,2
6,148,1
7,148,4
8,148,3
9,148,7
0,149,2
1,149,9
2,149,5
3,149,6
4,149,8
5,149,0
6,149,1
7,149,4
8,149,3
9,149,7
0,150,2
1,150,9
2,150,5
3,150,0
4,150,8
5,150,6
6,150,1
7,150,4
8,150,3
9,150,7
0,151,2
1,151,9
2,151,5
3,151,6
4,151,0
5,151,8
6,151,3
7,151,4
8,151,1
9,151,7
0,152,2
1,152,0
2,152,5
3,152,9
4,152,6
5,152,8
6,152,4
7,152,3
8,152,1
9,152,7
0,153,2
1,153,0
2,153,4
3,153,9
4,153,5
5,153,8
6,153,7
7,153,3
8,153,1
9,153,6
0,154,1
1,154,0
2,154,7
3,154,9
4,154,5
5,154,8
6,154,6
7,154,3
8,154,2
9,154,4
0,155,2
1,155,0
2,155,1
3,155,9
4,155,6
5,155,8
6,155,5
7,155,3
8,155,7
9,155,4
0,156,2
1,156,3
2,156,4
3,156,9
4,156,6
5,156,8
6,156,0
7,156,5
8,156,7
9,156,1
0,157,2
1,157,3
2,157,9
3,157,5
4,157,7
5,157,8
6,157,0
7,157,4
8,157,6
9,157,1
0,158,7
1,158,3
2,158,9
3,158,5
4,158,8
5,158,2
6,158,0
7,158,4
8,158,1
9,158,6
0,159,7
1,159,5
2,159,9
3,159,6
4,159,8
5,159,2
6,159,4
7,159,0
8,159,1
9,159,3
0,160,2
1,160,5
2,160,9
3,160,1
4,160,8
5,160,0
6,160,4
7,160,7
8,160,6
9,160,3
0,161,2
1,161,0
2,161,8
3,161,6
4,161,9
5,161,5
6,161,4
7,161,7
8,161,1
9,161,3
0,162,2
1,162,5
2,162,3
3,162,1
4,162,9
5,162,0
6,162,4
7,162,7
8,162,6
9,162,8
0,163,2
1,163,7
2,163,3
3,163,9
4,163,1
5,163,8
6,163,4
7,163,5
8,163,6
9,163,0
0,164,2
1,164,7
2,164,3
3,164,9
4,164,6
5,164,5
6,164,4
7,164,8
8,164,0
9,164,1
0,165,8
1,165,0
2,165,6
3,165,9
4,165,3
5,165,5
6,165,4
7,165,2
8,165,7
9,165,1
0,166,0
1,166,2
2,166,6
3,166,3
4,166,9
5,166,5
6,166,4
7,166,8
8,166,7
9,166,1
0,167,2
1,167,6
2,167,5
3,167,3
4,167,9
5,167,0
6,167,4
7,167,8
8,167,7
9,167,1
0,168,1
1,168,3
2,168,5
3,168,8
4,168,9
5,168,0
6,168,4
7,168,6
8,168,7
9,168,2
0,169,8
1,169,2
2,169,5
3,169,3
4,169,9
5,169,0
6,169,4
7,169,6
8,169,7
9,169,1
0,170,8
1,170,2
2,170,0
3,170,3
4,170,9
5,170,5
6,170,7
7,170,6
8,170,1
9,170,4
0,171,1
1,171,9
2,171,0
3,171,3
4,171,8
5,171,5
6,171,7
7,171,6
8,171,2
9,171,4
0,172,1
1,172,8
2,172,0
3,172,2
4,172,9
5,172,5
6,172,7
7,172,3
8,172,6
9,172,4
0,173,0
1,173,4
2,173,3
3,173,2
4,173,9
5,173,5
6,173,7
7,173,1
8,173,6
9,173,8
0,174,0
1,174,6
2,174,3
3,174,8
4,174,9
5,174,5
6,174,2
7,174,1
8,174,4
9,174,7
0,175,5
1,175,4
2,175,3
3,175,8
4,175,6
5,175,0
6,175,2
7,175,1
8,175,9
9,175,7
0,176,5
1,176,4
2,176,7
3,176,8
4,176,6
5,176,0
6,176,1
7,176,9
8,176,2
9,176,3
0,177,5
1,177,1
2,177,6
3,177,2
4,177,7
5,177,0
6,177,4
7,177,9
8,177,8
9,177,3
0,178,5
1,178,9
2,178,6
3,178,2
4,178,7
5,178,0
6,178,3
7,178,8
8,178,1
9,178,4
0,179,5
1,179,9
2,179,7
3,179,2
4,179,6
5,179,4
6,179,3
7,179,0
8,179,1
9,179,8
0,180,1
1,180,5
2,180,8
3,180,2
4,180,6
5,180,4
6,180,3
7,180,0
8,180,9
9,180,7
0,181,5
1,181,8
2,181,1
3,181,2
4,181,6
5,181,3
6,181,4
7,181,0
8,181,9
9,181,7
0,182,8
1,182,7
2,182,1
3,182,2
4,182,6
5,182,0
6,182,4
7,182,3
8,182,9
9,182,5
0,183,9
1,183,7
2,183,1
3,183,2
4,183,6
5,183,0
6,183,4
7,183,3
8,183,8
9,183,5
0,184,1
1,184,7
2,184,5
3,184,2
4,184,6
5,184,4
6,184,0
7,184,3
8,184,8
9,184,9
0,185,1
1,185,3
2,185,5
3,185,2
4,185,6
5,185,4
6,185,0
7,185,8
8,185,9
9,185,7
0,186,6
1,186,3
2,186,5
3,186,8
4,186,4
5,186,1
6,186,0
7,186,2
8,186,9
9,186,7
0,187,6
1,187,3
2,187,5
3,187,1
4,187,4
5,187,8
6,187,7
7,187,2
8,187,0
9,187,9
0,188,3
1,188,2
2,188,5
3,188,1
4,188,4
5,188,7
6,188,8
7,188,6
8,188,0
9,188,9
0,189,4
1,189,5
2,189,0
3,189,1
4,189,3
5,189,7
6,189,8
7,189,6
8,189,2
9,189,9
0,190,4
1,190,5
2,190,0
3,190,1
4,190,9
5,190,3
6,190,8
7,190,7
8,190,2
9,190,6
0,191,4
1,191,5
2,191,9
3,191,1
4,191,3
5,191,7
6,191,8
7,191,0
8,191,2
9,191,6
0,192,4
1,192,5
2,192,9
3,192,1
4,192,3
5,192,6
6,192,7
7,192,0
8,192,8
9,192,2
0,193,7
1,193,5
2,193,9
3,193,4
4,193,8
5,193,6
6,193,1
7,193,0
8,193,3
9,193,2
0,194,3
1,194,5
2,194,7
3,194,4
4,194,8
5,194,9
6,194,1
7,194,0
8,194,6
9,194,2
0,195,3
1,195,5
2,195,7
3,195,4
4,195,2
5,195,9
6,195,1
7,195,0
8,195,6
9,195,8
0,196,2
1,196,5
2,196,7
3,196,4
4,196,3
5,196,9
6,196,8
7,196,6
8,196,0
9,196,1
0,197,2
1,197,5
2,197,8
3,197,9
4,197,4
5,197,3
6,197,7
7,197,6
8,197,0
9,197,1
0,198,7
1,198,8
2,198,5
3,198,9
4,198,4
5,198,3
6,198,6
7,198,2
8,198,0
9,198,1
0,199,0
1,199,8
2,199,9
3,199,1
4,199,4
5,199,3
6,199,6
7,199,2
8,199,7
9,199,5
0,200,0
1,200,8
2,200,9
3,200,4
4,200,6
5,200,1
6,200,3
7,200,2
8,200,7
9,200,5
0,201,3
1,201,8
2,201,9
3,201,4
4,201,6
5,201,1
6,201,0
7,201,2
8,201,7
9,201,5
0,202,3
1,202,8
2,202,6
3,202,2
4,202,5
5,202,1
6,202,0
7,202,4
8,202,7
9,202,9
0,203,1
1,203,8
2,203,6
3,203,2
4,203,5
5,203,9
6,203,0
7,203,3
8,203,7
9,203,4
0,204,7
1,204,1
2,204,8
3,204,2
4,204,5
5,204,9
6,204,0
7,204,3
8,204,6
9,204,4
0,205,1
1,205,7
2,205,0
3,205,2
4,205,5
5,205,9
6,205,3
7,205,8
8,205,6
9,205,4
0,206,1
1,206,7
2,206,8
3,206,6
4,206,5
5,206,9
6,206,3
7,206,2
8,206,0
9,206,4
0,207,5
1,207,7
2,207,8
3,207,6
4,207,1
5,207,9
6,207,3
7,207,2
8,207,0
9,207,4
0,208,1
1,208,7
2,208,5
3,208,6
4,208,9
5,208,8
6,208,3
7,208,2
8,208,0
9,208,4
0,209,1
1,209,7
2,209,0
3,209,6
4,209,9
5,209,8
6,209,3
7,209,4
8,209,2
9,209,5
0,210,2
1,210,7
2,210,0
3,210,3
4,210,1
5,210,8
6,210,6
7,210,4
8,210,9
9,210,5
0,211,8
1,211,7
2,211,0
3,211,3
4,211,9
5,211,1
6,211,6
7,211,4
8,211,2
9,211,5
0,212,8
1,212,7
2,212,0
3,212,9
4,212,1
5,212,5
6,212,6
7,212,4
8,212,2
9,212,3
0,213,8
1,213,7
2,213,3
3,213,5
4,213,1
5,213,9
6,213,6
7,213,2
8,213,4
9,213,0
0,214,1
1,214,7
2,214,3
3,214,5
4,214,6
5,214,2
6,214,8
7,214,9
8,214,4
9,214,0
0,215,7
1,215,5
2,215,3
3,215,0
4,215,6
5,215,2
6,215,8
7,215,9
8,215,4
9,215,1
0,216,7
1,216,5
2,216,9
3,216,0
4,216,3
5,216,2
6,216,6
7,216,8
8,216,4
9,216,1
0,217,9
1,217,6
2,217,3
3,217,0
4,217,7
5,217,2
6,217,5
7,217,8
8,217,4
9,217,1
0,218,9
1,218,1
2,218,3
3,218,5
4,218,0
5,218,2
6,218,7
7,218,8
8,218,4
9,218,6
0,219,9
1,219,7
2,219,3
3,219,2
4,219,4
5,219,5
6,219,1
7,219,8
8,219,0
9,219,6
0,220,2
1,220,1
2,220,3
3,220,5
4,220,4
5,220,9
6,220,7
7,220,8
8,220,0
9,220,6
0,221,2
1,221,4
2,221,5
3,221,1
4,221,3
5,221,9
6,221,7
7,221,8
8,221,0
9,221,6
0,222,2
1,222,1
2,222,5
3,222,4
4,222,3
5,222,6
6,222,8
7,222,7
8,222,0
9,222,9
0,223,5
1,223,1
2,223,2
3,223,4
4,223,8
5,223,6
6,223,3
7,223,7
8,223,9
9,223,0
0,224,5
1,224,9
2,224,2
3,224,1
4,224,8
5,224,6
6,224,4
7,224,7
8,224,3
9,224,0
0,225,1
1,225,7
2,225,2
3,225,5
4,225,8
5,225,3
6,225,4
7,225,9
8,225,6
9,225,0
0,226,5
1,226,2
2,226,7
3,226,8
4,226,1
5,226,3
6,226,4
7,226,9
8,226,6
9,226,0
0,227,5
1,227,9
2,227,7
3,227,1
4,227,0
5,227,3
6,227,4
7,227,2
8,227,6
9,227,8
0,228,5
1,228,8
2,228,3
3,228,1
4,228,0
5,228,7
6,228,6
7,228,2
8,228,4
9,228,9
0,229,5
1,229,2
2,229,3
3,229,1
4,229,4
5,229,7
6,229,9
7,229,8
8,229,0
9,229,6
0,230,5
1,230,1
2,230,3
3,230,7
4,230,4
5,230,9
6,230,2
7,230,8
8,230,0
9,230,6
0,231,8
1,231,2
2,231,3
3,231,7
4,231,4
5,231,5
6,231,1
7,231,9
8,231,0
9,231,6
0,232,2
1,232,8
2,232,3
3,232,7
4,232,4
5,232,5
6,232,0
7,232,1
8,232,9
9,232,6
0,233,8
1,233,0
2,233,6
3,233,7
4,233,4
5,233,5
6,233,2
7,233,1
8,233,9
9,233,3
0,234,1
1,234,7
2,234,4
3,234,0
4,234,6
5,234,5
6,234,2
7,234,8
8,234,9
9,234,3
0,235,1
1,235,7
2,235,0
3,235,8
4,235,4
5,235,5
6,235,2
7,235,6
8,235,9
9,235,3
0,236,1
1,236,7
2,236,0
3,236,4
4,236,8
5,236,5
6,236,2
7,236,6
8,236,9
9,236,3
0,237,9
1,237,7
2,237,0
3,237,4
4,237,8
5,237,5
6,237,2
7,237,6
8,237,1
9,237,3
0,238,9
1,238,7
2,238,0
3,238,4
4,238,8
5,238,6
6,238,5
7,238,2
8,238,3
9,238,1
0,239,3
1,239,7
2,239,0
3,239,2
4,239,8
5,239,6
6,239,5
7,239,9
8,239,4
9,239,1
0,240,3
1,240,7
2,240,8
3,240,0
4,240,9
5,240,6
6,240,5
7,240,2
8,240,4
9,240,1
0,241,3
1,241,8
2,241,9
3,241,0
4,241,7
5,241,4
6,241,5
7,241,2
8,241,6
9,241,1
0,242,3
1,242,5
2,242,9
3,242,7
4,242,0
5,242,4
6,242,8
7,242,6
8,242,2
9,242,1
0,243,9
1,243,5
2,243,3
3,243,7
4,243,0
5,243,4
6,243,8
7,243,6
8,243,2
9,243,1
0,244,9
1,244,0
2,244,7
3,244,3
4,244,5
5,244,6
6,244,8
7,244,4
8,244,2
9,244,1
0,245,5
1,245,0
2,245,6
3,245,3
4,245,9
5,245,4
6,245,8
7,245,7
8,245,2
9,245,1
0,246,5
1,246,0
2,246,6
3,246,3
4,246,8
5,246,9
6,246,2
7,246,7
8,246,4
9,246,1
0,247,0
1,247,5
2,247,6
3,247,2
4,247,8
5,247,9
6,247,7
7,247,3
8,247,4
9,247,1
0,248,8
1,248,5
2,248,6
3,248,2
4,248,3
5,248,9
6,248,7
7,248,1
8,248,4
9,248,0
0,249,8
1,249,1
2,249,9
3,249,7
4,249,3
5,249,6
6,249,2
7,249,5
8,249,4
9,249,0
0,250,8
1,250,1
2,250,9
3,250,7
4,250,6
5,250,3
6,250,5
7,250,0
8,250,4
9,250,2
0,251,5
1,251,1
2,251,2
3,251,7
4,251,3
5,251,6
6,251,8
7,251,0
8,251,4
9,251,9
0,252,5
1,252,1
2,252,2
3,252,7
4,252,3
5,252,6
6,252,4
7,252,0
8,252,8
9,252,9
0,253,5
1,253,1
2,253,2
3,253,7
4,253,9
5,253,8
6,253,6
7,253,0
8,253,4
9,253,3
0,254,5
1,254,2
2,254,9
3,254,7
4,254,1
5,254,8
6,254,3
7,254,0
8,254,4
9,254,6
0,255,1
1,255,2
2,255,3
3,255,6
4,255,5
5,255,8
6,255,9
7,255,0
8,255,4
9,255,7
0,256,1
1,256,9
2,256,3
3,256,6
4,256,5
5,256,8
6,256,2
7,256,0
8,256,4
9,256,7
0,257,8
1,257,9
2,257,3
3,257,6
4,257,0
5,257,1
6,257,7
7,257,5
8,257,4
9,257,2
0,258,7
1,258,8
2,258,3
3,258,6
4,258,0
5,258,1
6,258,2
7,258,5
8,258,4
9,258,9
0,259,4
1,259,8
2,259,9
3,259,6
4,259,0
5,259,1
6,259,2
7,259,5
8,259,3
9,259,7
0,260,6
1,260,0
2,260,9
3,260,4
4,260,8
5,260,1
6,260,2
7,260,7
8,260,3
9,260,5
0,261,6
1,261,3
2,261,9
3,261,5
4,261,4
5,261,1
6,261,2
7,261,7
8,261,0
9,261,8
0,262,6
1,262,3
2,262,2
3,262,4
4,262,5
5,262,8
6,262,9
7,262,7
8,262,0
9,262,1
0,263,9
1,263,3
2,263,0
3,263,4
4,263,5
5,263,8
6,263,6
7,263,2
8,263,7
9,263,1
0,264,6
1,264,2
2,264,0
3,264,4
4,264,7
5,264,8
6,264,9
7,264,3
8,264,5
9,264,1
0,265,6
1,265,7
2,265,0
3,265,4
4,265,2
5,265,8
6,265,5
7,265,1
8,265,9
9,265,3
0,266,4
1,266,6
2,266,1
3,266,7
4,266,2
5,266,8
6,266,5
7,266,0
8,266,9
9,266,3
0,267,1
1,267,9
2,267,4
3,267,3
4,267,2
5,267,8
6,267,5
7,267,0
8,267,6
9,267,7
0,268,4
1,268,9
2,268,0
3,268,3
4,268,2
5,268,8
6,268,6
7,268,1
8,268,5
9,268,7
0,269,8
1,269,2
2,269,0
3,269,3
4,269,9
5,269,6
6,269,4
7,269,1
8,269,5
9,269,7
0,270,8
1,270,2
2,270,6
3,270,3
4,270,9
5,270,0
6,270,4
7,270,1
8,270,5
9,270,7
0,271,2
1,271,5
2,271,6
3,271,1
4,271,9
5,271,0
6,271,4
7,271,3
8,271,8
9,271,7
0,272,2
1,272,1
2,272,6
3,272,3
4,272,5
5,272,0
6,272,4
7,272,9
8,272,8
9,272,7
0,273,2
1,273,6
2,273,1
3,273,4
4,273,5
5,273,7
6,273,3
7,273,9
8,273,8
9,273,0
0,274,5
1,274,6
2,274,8
3,274,1
4,274,2
5,274,7
6,274,3
7,274,9
8,274,4
9,274,0
0,275,4
1,275,6
2,275,0
3,275,2
4,275,1
5,275,7
6,275,3
7,275,9
8,275,5
9,275,8
0,276,4
1,276,6
2,276,0
3,276,9
4,276,1
5,276,5
6,276,3
7,276,7
8,276,2
9,276,8
0,277,8
1,277,9
2,277,4
3,277,6
4,277,1
5,277,5
6,277,3
7,277,7
8,277,2
9,277,0
0,278,8
1,278,9
2,278,4
3,278,6
4,278,1
5,278,0
6,278,3
7,278,7
8,278,2
9,278,5
0,279,8
1,279,9
2,279,5
3,279,0
4,279,1
5,279,6
6,279,2
7,279,7
8,279,3
9,279,4
0,280,8
1,280,0
2,280,5
3,280,9
4,280,2
5,280,3
6,280,1
7,280,7
8,280,6
9,280,4
0,281,1
1,281,4
2,281,5
3,281,2
4,281,9
5,281,3
6,281,8
7,281,7
8,281,6
9,281,0
0,282,3
1,282,4
2,282,5
3,282,2
4,282,6
5,282,9
6,282,8
7,282,7
8,282,1
9,282,0
0,283,3
1,283,4
2,283,5
3,283,1
4,283,6
5,283,7
6,283,8
7,283,2
8,283,9
9,283,0
0,284,7
1,284,4
2,284,0
3,284,1
4,284,6
5,284,3
6,284,8
7,284,5
8,284,9
9,284,2
0,285,9
1,285,3
2,285,8
3,285,1
4,285,6
5,285,4
6,285,0
7,285,5
8,285,7
9,285,2
0,286,5
1,286,3
2,286,8
3,286,1
4,286,7
5,286,9
6,286,0
7,286,4
8,286,6
9,286,2
0,287,5
1,287,0
2,287,8
3,287,1
4,287,7
5,287,3
6,287,6
7,287,4
8,287,9
9,287,2
0,288,5
1,288,8
2,288,6
3,288,1
4,288,7
5,288,9
6,288,0
7,288,4
8,288,3
9,288,2
0,289,5
1,289,9
2,289,6
3,289,1
4,289,0
5,289,3
6,289,7
7,289,4
8,289,8
9,289,2
0,290,5
1,290,0
2,290,6
3,290,4
4,290,7
5,290,3
6,290,9
7,290,1
8,290,8
9,290,2
0,291,9
1,291,0
2,291,3
3,291,4
4,291,7
5,291,2
6,291,5
7,291,1
8,291,8
9,291,6
0,292,9
1,292,0
2,292,3
3,292,8
4,292,4
5,292,6
6,292,5
7,292,1
8,292,7
9,292,2
0,293,6
1,293,9
2,293,0
3,293,8
4,293,4
5,293,3
6,293,5
7,293,1
8,293,7
9,293,2
0,294,5
1,294,9
2,294,0
3,294,6
4,294,4
5,294,8
6,294,3
7,294,1
8,294,7
9,294,2
0,295,5
1,295,9
2,295,3
3,295,8
4,295,4
5,295,6
6,295,1
7,295,0
8,295,7
9,295,2
0,296,5
1,296,9
2,296,3
3,296,2
4,296,0
5,296,6
6,296,7
7,296,4
8,296,1
9,296,8
0,297,4
1,297,9
2,297,3
3,297,1
4,297,0
5,297,6
6,297,8
7,297,5
8,297,2
9,297,7
0,298,4
1,298,9
2,298,7
3,298,6
4,298,0
5,298,1
6,298,8
7,298,5
8,298,3
9,298,2
0,299,0
1,299,9
2,299,6
3,299,7
4,299,2
5,299,1
6,299,8
7,299,5
8,299,3
9,299,4
0,300,8
1,300,9
2,300,6
3,300,7
4,300,4
5,300,1
6,300,3
7,300,5
8,300,0
9,300,2
0,301,8
1,301,9
2,301,5
3,301,7
4,301,4
5,301,3
6,301,0
7,301,6
8,301,1
9,301,2
0,302,8
1,302,9
2,302,5
3,302,4
4,302,3
5,302,6
6,302,0
7,302,7
8,302,1
9,302,2
0,303,9
1,303,8
2,303,5
3,303,3
4,303,4
5,303,6
6,303,1
7,303,7
8,303,0
9,303,2
0,304,3
1,304,0
2,304,5
3,304,9
4,304,8
5,304,6
6,304,1
7,304,7
8,304,4
9,304,2
0,305,9
1,305,0
2,305,8
3,305,3
4,305,7
5,305,6
6,305,1
7,305,5
8,305,4
9,305,2
0,306,3
1,306,4
2,306,2
3,306,9
4,306,7
5,306,6
6,306,1
7,306,5
8,306,0
9,306,8
0,307,3
1,307,4
2,307,2
3,307,8
4,307,0
5,307,6
6,307,9
7,307,5
8,307,7
9,307,1
0,308,3
1,308,4
2,308,2
3,308,8
4,308,5
5,308,7
6,308,9
7,308,6
8,308,0
9,308,1
0,309,5
1,309,6
2,309,2
3,309,8
4,309,7
5,309,3
6,309,9
7,309,4
8,309,0
9,309,1
0,310,2
1,310,5
2,310,6
3,310,8
4,310,3
5,310,7
6,310,9
7,310,4
8,310,0
9,310,1
0,311,2
1,311,7
2,311,6
3,311,0
4,311,3
5,311,5
6,311,4
7,311,9
8,311,8
9,311,1
0,312,2
1,312,0
2,312,7
3,312,6
4,312,3
5,312,5
6,312,8
7,312,9
8,312,4
9,312,1
0,313,3
1,313,0
2,313,7
3,313,4
4,313,2
5,313,5
6,313,8
7,313,6
8,313,9
9,313,1
0,314,3
1,314,5
2,314,7
3,314,4
4,314,8
5,314,2
6,314,0
7,314,6
8,314,9
9,314,1
0,315,3
1,315,5
2,315,7
3,315,0
4,315,8
5,315,9
6,315,1
7,315,6
8,315,2
9,315,4
0,316,3
1,316,5
2,316,7
3,316,4
4,316,8
5,316,9
6,316,2
7,316,6
8,316,0
9,316,1
0,317,9
1,317,5
2,317,7
3,317,6
4,317,2
5,317,3
6,317,8
7,317,4
8,317,0
9,317,1
0,318,9
1,318,5
2,318,2
3,318,7
4,318,6
5,318,4
6,318,8
7,318,3
8,318,0
9,318,1
0,319,9
1,319,6
2,319,2
3,319,7
4,319,0
5,319,5
6,319,8
7,319,3
8,319,4
9,319,1
0,320,2
1,320,6
2,320,9
3,320,7
4,320,0
5,320,1
6,320,8
7,320,3
8,320,5
9,320,4
0,321,5
1,321,6
2,321,0
3,321,2
4,321,9
5,321,1
6,321,8
7,321,3
8,321,7
9,321,4
0,322,1
1,322,5
2,322,0
3,322,6
4,322,9
5,322,2
6,322,8
7,322,3
8,322,7
9,322,4
0,323,1
1,323,0
2,323,4
3,323,6
4,323,9
5,323,8
6,323,2
7,323,3
8,323,7
9,323,5
0,324,6
1,324,4
2,324,0
3,324,1
4,324,9
5,324,8
6,324,2
7,324,5
8,324,7
9,324,3
0,325,6
1,325,0
2,325,4
3,325,7
4,325,9
5,325,8
6,325,2
7,325,3
8,325,1
9,325,5
0,326,9
1,326,5
2,326,4
3,326,7
4,326,6
5,326,0
6,326,2
7,326,3
8,326,1
9,326,8
0,327,9
1,327,5
2,327,4
3,327,3
4,327,1
5,327,7
6,327,2
7,327,0
8,327,6
9,327,8
0,328,0
1,328,5
2,328,4
3,328,7
4,328,1
5,328,6
6,328,2
7,328,9
8,328,3
9,328,8
0,329,0
1,329,8
2,329,9
3,329,4
4,329,1
5,329,6
6,329,2
7,329,7
8,329,3
9,329,5
0,330,6
1,330,3
2,330,7
3,330,4
4,330,1
5,330,0
6,330,2
7,330,9
8,330,8
9,330,5
0,331,6
1,331,3
2,331,0
3,331,4
4,331,5
5,331,7
6,331,2
7,331,9
8,331,1
9,331,8
0,332,1
1,332,2
2,332,0
3,332,4
4,332,3
5,332,7
6,332,5
7,332,9
8,332,6
9,332,8
0,333,9
1,333,8
2,333,0
3,333,4
4,333,7
5,333,3
6,333,5
7,333,1
8,333,6
9,333,2
0,334,9
1,334,8
2,334,7
3,334,4
4,334,0
5,334,2
6,334,3
7,334,1
8,334,6
9,334,5
0,335,9
1,335,6
2,335,8
3,335,7
4,335,0
5,335,2
6,335,3
7,335,1
8,335,4
9,335,5
0,336,1
1,336,6
2,336,8
3,336,7
4,336,0
5,336,2
6,336,9
7,336,3
8,336,5
9,336,4
0,337,2
1,337,6
2,337,8
3,337,7
4,337,0
5,337,1
6,337,9
7,337,3
8,337,5
9,337,4
0,338,8
1,338,5
2,338,2
3,338,7
4,338,0
5,338,6
6,338,9
7,338,3
8,338,1
9,338,4
0,339,8
1,339,7
2,339,5
3,339,2
4,339,0
5,339,6
6,339,9
7,339,3
8,339,4
9,339,1
0,340,0
1,340,4
2,340,5
3,340,2
4,340,8
5,340,6
6,340,1
7,340,3
8,340,7
9,340,9
0,341,0
1,341,4
2,341,5
3,341,2
4,341,8
5,341,7
6,341,1
7,341,6
8,341,9
9,341,3
0,342,0
1,342,4
2,342,1
3,342,5
4,342,8
5,342,9
6,342,2
7,342,6
8,342,7
9,342,3
0,343,0
1,343,4
2,343,1
3,343,2
4,343,9
5,343,8
6,343,7
7,343,6
8,343,5
9,343,3
0,344,9
1,344,3
2,344,1
3,344,2
4,344,5
5,344,8
6,344,7
7,344,6
8,344,0
9,344,4
0,345,4
1,345,7
2,345,1
3,345,2
4,345,5
5,345,8
6,345,6
7,345,3
8,345,0
9,345,9
0,346,4
1,346,6
2,346,1
3,346,7
4,346,5
5,346,8
6,346,0
7,346,3
8,346,2
9,346,9
0,347,9
1,347,0
2,347,1
3,347,7
4,347,5
5,347,4
6,347,6
7,347,3
8,347,2
9,347,8
0,348,5
1,348,7
2,348,1
3,348,8
4,348,9
5,348,4
6,348,6
7,348,3
8,348,2
9,348,0
0,349,5
1,349,7
2,349,9
3,349,8
4,349,1
5,349,4
6,349,3
7,349,2
8,349,6
9,349,0
0,350,9
1,350,2
2,350,5
3,350,8
4,350,1
5,350,4
6,350,3
7,350,7
8,350,0
9,350,6
0,351,4
1,351,2
2,351,8
3,351,9
4,351,1
5,351,5
6,351,3
7,351,7
8,351,0
9,351,6
0,352,1
1,352,2
2,352,8
3,352,9
4,352,6
5,352,5
6,352,4
7,352,7
8,352,0
9,352,3
0,353,1
1,353,7
2,353,2
3,353,3
4,353,6
5,353,5
6,353,4
7,353,8
8,353,0
9,353,9
0,354,1
1,354,2
2,354,7
3,354,3
4,354,0
5,354,4
6,354,5
7,354,8
8,354,6
9,354,9
0,355,1
1,355,2
2,355,7
3,355,4
4,355,0
5,355,9
6,355,5
7,355,8
8,355,3
9,355,6
0,356,1
1,356,9
2,356,3
3,356,8
4,356,0
5,356,2
6,356,5
7,356,4
8,356,7
9,356,6
0,357,9
1,357,7
2,357,3
3,357,1
4,357,0
5,357,2
6,357,5
7,357,4
8,357,8
9,357,6
0,358,9
1,358,1
2,358,3
3,358,7
4,358,8
5,358,2
6,358,6
7,358,4
8,358,0
9,358,5
0,359,2
1,359,1
2,359,4
3,359,7
4,359,8
5,359,3
6,359,6
7,359,9
8,359,0
9,359,5
0,360,1
1,360,7
2,360,4
3,360,2
4,360,8
5,360,9
6,360,6
7,360,3
8,360,0
9,360,5
0,361,9
1,361,4
2,361,7
3,361,2
4,361,8
5,361,0
6,361,6
7,361,3
8,361,1
9,361,5
0,362,6
1,362,4
2,362,1
3,362,2
4,362,8
5,362,9
6,362,0
7,362,3
8,362,7
9,362,5
0,363,6
1,363,8
2,363,1
3,363,0
4,363,9
5,363,4
6,363,2
7,363,3
8,363,7
9,363,5
0,364,8
1,364,6
2,364,3
3,364,0
4,364,9
5,364,2
6,364,4
7,364,1
8,364,7
9,364,5
0,365,8
1,365,6
2,365,3
3,365,9
4,365,2
5,365,1
6,365,4
7,365,0
8,365,7
9,365,5
0,366,7
1,366,0
2,366,3
3,366,8
4,366,2
5,366,1
6,366,4
7,366,6
8,366,9
9,366,5
0,367,7
1,367,0
2,367,3
3,367,1
4,367,2
5,367,8
6,367,5
7,367,6
8,367,4
9,367,9
0,368,7
1,368,0
2,368,3
3,368,4
4,368,2
5,368,8
6,368,5
7,368,6
8,368,1
9,368,9
0,369,4
1,369,0
2,369,3
3,369,8
4,369,2
5,369,7
6,369,6
7,369,5
8,369,1
9,369,9
0,370,5
1,370,0
2,370,7
3,370,8
4,370,2
5,370,6
6,370,3
7,370,4
8,370,1
9,370,9
0,371,9
1,371,0
2,371,8
3,371,7
4,371,2
5,371,6
6,371,3
7,371,4
8,371,5
9,371,1
0,372,3
1,372,8
2,372,5
3,372,7
4,372,2
5,372,6
6,372,9
7,372,4
8,372,0
9,372,1
0,373,3
1,373,7
2,373,5
3,373,8
4,373,2
5,373,1
6,373,6
7,373,4
8,373,0
9,373,9
0,374,3
1,374,4
2,374,6
3,374,8
4,374,2
5,374,1
6,374,0
7,374,7
8,374,5
9,374,9
0,375,2
1,375,8
2,375,6
3,375,4
4,375,3
5,375,1
6,375,9
7,375,7
8,375,5
9,375,0
0,376,2
1,376,8
2,376,0
3,376,5
4,376,3
5,376,1
6,376,4
7,376,7
8,376,9
9,376,6
0,377,8
1,377,2
2,377,0
3,377,3
4,377,5
5,377,1
6,377,4
7,377,7
8,377,6
9,377,9
0,378,5
1,378,2
2,378,0
3,378,8
4,378,3
5,378,4
6,378,1
7,378,7
8,378,6
9,378,9
0,379,5
1,379,2
2,379,3
3,379,9
4,379,0
5,379,8
6,379,1
7,379,7
8,379,6
9,379,4
0,380,8
1,380,2
2,380,7
3,380,9
4,380,0
5,380,5
6,380,1
7,380,6
8,380,3
9,380,4
0,381,8
1,381,6
2,381,2
3,381,9
4,381,0
5,381,5
6,381,1
7,381,3
8,381,7
9,381,4
0,382,8
1,382,1
2,382,2
3,382,3
4,382,0
5,382,5
6,382,6
7,382,9
8,382,4
9,382,7
0,383,8
1,383,9
2,383,2
3,383,5
4,383,1
5,383,3
6,383,6
7,383,0
8,383,4
9,383,7
0,384,9
1,384,8
2,384,1
3,384,0
4,384,2
5,384,3
6,384,6
7,384,5
8,384,4
9,384,7
0,385,5
1,385,8
2,385,1
3,385,2
4,385,9
5,385,3
6,385,6
7,385,0
8,385,4
9,385,7
0,386,5
1,386,2
2,386,1
3,386,8
4,386,9
5,386,3
6,386,0
7,386,6
8,386,7
9,386,4
0,387,1
1,387,2
2,387,5
3,387,8
4,387,9
5,387,3
6,387,4
7,387,6
8,387,0
9,387,7
0,388,3
1,388,2
2,388,4
3,388,8
4,388,9
5,388,5
6,388,1
7,388,6
8,388,0
9,388,7
0,389,9
1,389,1
2,389,4
3,389,7
4,389,3
5,389,5
6,389,2
7,389,6
8,389,0
9,389,8
0,390,9
1,390,7
2,390,2
3,390,1
4,390,3
5,390,8
6,390,4
7,390,6
8,390,0
9,390,5
0,391,1
1,391,7
2,391,2
3,391,5
4,391,3
5,391,8
6,391,4
7,391,6
8,391,9
9,391,0
0,392,5
1,392,0
2,392,7
3,392,1
4,392,3
5,392,8
6,392,4
7,392,6
8,392,9
9,392,2
0,393,4
1,393,0
2,393,7
3,393,1
4,393,8
5,393,3
6,393,9
7,393,6
8,393,5
9,393,2
0,394,2
1,394,0
2,394,7
3,394,1
4,394,5
5,394,3
6,394,4
7,394,6
8,394,8
9,394,9
0,395,6
1,395,9
2,395,7
3,395,1
4,395,5
5,395,0
6,395,4
7,395,2
8,395,8
9,395,3
0,396,6
1,396,2
2,396,7
3,396,1
4,396,0
5,396,3
6,396,4
7,396,9
8,396,8
9,396,5
0,397,8
1,397,2
2,397,7
3,397,1
4,397,0
5,397,3
6,397,5
7,397,4
8,397,6
9,397,9
0,398,8
1,398,2
2,398,7
3,398,1
4,398,9
5,398,3
6,398,5
7,398,4
8,398,6
9,398,0
0,399,8
1,399,2
2,399,9
3,399,6
4,399,7
5,399,3
6,399,5
7,399,4
8,399,0
9,399,1
0,400,8
1,400,2
2,400,7
3,400,5
4,400,1
5,400,3
6,400,6
7,400,4
8,400,0
9,400,9
0,401,2
1,401,4
2,401,7
3,401,0
4,401,1
5,401,3
6,401,6
7,401,8
8,401,5
9,401,9
0,402,2
1,402,4
2,402,7
3,402,5
4,402,1
5,402,9
6,402,8
7,402,6
8,402,0
9,402,3
0,403,3
1,403,8
2,403,7
3,403,5
4,403,6
5,403,9
6,403,4
7,403,1
8,403,0
9,403,2
0,404,3
1,404,0
2,404,1
3,404,5
4,404,6
5,404,2
6,404,4
7,404,7
8,404,8
9,404,9
0,405,3
1,405,0
2,405,9
3,405,8
4,405,6
5,405,7
6,405,4
7,405,2
8,405,5
9,405,1
0,406,5
1,406,1
2,406,0
3,406,8
4,406,6
5,406,7
6,406,4
7,406,2
8,406,3
9,406,9
0,407,6
1,407,5
2,407,3
3,407,8
4,407,1
5,407,7
6,407,4
7,407,2
8,407,0
9,407,9
0,408,7
1,408,5
2,408,3
3,408,1
4,408,8
5,408,6
6,408,9
7,408,2
8,408,0
9,408,4
0,409,7
1,409,5
2,409,3
3,409,1
4,409,2
5,409,6
6,409,4
7,409,0
8,409,8
9,409,9
0,410,7
1,410,3
2,410,4
3,410,1
4,410,2
5,410,6
6,410,8
7,410,0
8,410,5
9,410,9
0,411,7
1,411,3
2,411,5
3,411,1
4,411,9
5,411,6
6,411,8
7,411,0
8,411,2
9,411,4
0,412,7
1,412,1
2,412,8
3,412,3
4,412,2
5,412,6
6,412,5
7,412,0
8,412,9
9,412,4
0,413,7
1,413,9
2,413,2
3,413,1
4,413,8
5,413,6
6,413,5
7,413,0
8,413,3
9,413,4
0,414,7
1,414,1
2,414,2
3,414,4
4,414,6
5,414,8
6,414,5
7,414,0
8,414,3
9,414,9
0,415,3
1,415,1
2,415,4
3,415,5
4,415,6
5,415,8
6,415,2
7,415,0
8,415,7
9,415,9
0,416,3
1,416,1
2,416,6
3,416,2
4,416,4
5,416,9
6,416,5
7,416,0
8,416,7
9,416,8
0,417,3
1,417,1
2,417,6
3,417,5
4,417,4
5,417,2
6,417,9
7,417,0
8,417,8
9,417,7
0,418,3
1,418,4
2,418,6
3,418,8
4,418,1
5,418,2
6,418,9
7,418,5
8,418,0
9,418,7
0,419,3
1,419,4
2,419,2
3,419,6
4,419,1
5,419,9
6,419,8
7,419,5
8,419,0
9,419,7
0,420,8
1,420,4
2,420,9
3,420,6
4,420,1
5,420,5
6,420,3
7,420,2
8,420,0
9,420,7
0,421,3
1,421,4
2,421,9
3,421,0
4,421,1
5,421,8
6,421,5
7,421,2
8,421,6
9,421,7
0,422,3
1,422,1
2,422,2
3,422,0
4,422,4
5,422,8
6,422,9
7,422,5
8,422,6
9,422,7
0,423,3
1,423,6
2,423,2
3,423,0
4,423,4
5,423,8
6,423,9
7,423,1
8,423,7
9,423,5
0,424,8
1,424,6
2,424,2
3,424,0
4,424,9
5,424,5
6,424,4
7,424,1
8,424,7
9,424,3
0,425,8
1,425,2
2,425,4
3,425,0
4,425,9
5,425,5
6,425,1
7,425,6
8,425,7
9,425,3
0,426,6
1,426,2
2,426,5
3,426,0
4,426,7
5,426,4
6,426,1
7,426,8
8,426,9
9,426,3
0,427,6
1,427,0
2,427,5
3,427,9
4,427,7
5,427,2
6,427,1
7,427,8
8,427,4
9,427,3
0,428,6
1,428,1
2,428,5
3,428,9
4,428,7
5,428,2
6,428,8
7,428,4
8,428,0
9,428,3
0,429,4
1,429,1
2,429,5
3,429,3
4,429,7
5,429,6
6,429,8
7,429,2
8,429,0
9,429,9
0,430,9
1,430,3
2,430,5
3,430,6
4,430,7
5,430,1
6,430,8
7,430,2
8,430,0
9,430,4
0,431,5
1,431,3
2,431,2
3,431,6
4,431,0
5,431,1
6,431,8
7,431,9
8,431,7
9,431,4
0,432,9
1,432,5
2,432,2
3,432,1
4,432,0
5,432,6
6,432,8
7,432,3
8,432,7
9,432,4
0,433,9
1,433,5
2,433,4
3,433,1
4,433,6
5,433,0
6,433,8
7,433,7
8,433,3
9,433,2
0,434,9
1,434,4
2,434,5
3,434,0
4,434,6
5,434,1
6,434,8
7,434,2
8,434,3
9,434,7
0,435,9
1,435,2
2,435,5
3,435,3
4,435,6
5,435,8
6,435,1
7,435,4
8,435,0
9,435,7
0,436,9
1,436,2
2,436,3
3,436,5
4,436,0
5,436,8
6,436,6
7,436,4
8,436,1
9,436,7
0,437,9
1,437,3
2,437,1
3,437,5
4,437,8
5,437,0
6,437,6
7,437,4
8,437,2
9,437,7
0,438,2
1,438,7
2,438,1
3,438,5
4,438,8
5,438,0
6,438,6
7,438,9
8,438,4
9,438,3
0,439,2
1,439,9
2,439,3
3,439,5
4,439,8
5,439,0
6,439,7
7,439,6
8,439,4
9,439,1
0,440,2
1,440,3
2,440,9
3,440,5
4,440,8
5,440,4
6,440,7
7,440,1
8,440,0
9,440,6
0,441,2
1,441,3
2,441,5
3,441,7
4,441,4
5,441,8
6,441,9
7,441,1
8,441,0
9,441,6
0,442,2
1,442,3
2,442,0
3,442,7
4,442,4
5,442,5
6,442,9
7,442,1
8,442,6
9,442,8
0,443,6
1,443,3
2,443,0
3,443,9
4,443,2
5,443,5
6,443,7
7,443,1
8,443,4
9,443,8
0,444,1
1,444,8
2,444,0
3,444,3
4,444,2
5,444,5
6,444,7
7,444,6
8,444,4
9,444,9
0,445,7
1,445,8
2,445,0
3,445,4
4,445,2
5,445,6
6,445,1
7,445,5
8,445,3
9,445,9
0,446,1
1,446,8
2,446,0
3,446,4
4,446,9
5,446,6
6,446,5
7,446,7
8,446,3
9,446,2
0,447,1
1,447,9
2,447,0
3,447,4
4,447,8
5,447,6
6,447,5
7,447,7
8,447,3
9,447,2
0,448,1
1,448,2
2,448,0
3,448,6
4,448,8
5,448,4
6,448,7
7,448,5
8,448,3
9,448,9
0,449,1
1,449,2
2,449,0
3,449,5
4,449,8
5,449,3
6,449,7
7,449,4
8,449,6
9,449,9
0,450,1
1,450,2
2,450,7
3,450,3
4,450,5
5,450,8
6,450,0
7,450,4
8,450,6
9,450,9
0,451,1
1,451,3
2,451,7
3,451,5
4,451,4
5,451,8
6,451,0
7,451,2
8,451,6
9,451,9
0,452,4
1,452,3
2,452,7
3,452,8
4,452,2
5,452,5
6,452,0
7,452,1
8,452,6
9,452,9
0,453,4
1,453,3
2,453,7
3,453,9
4,453,2
5,453,5
6,453,8
7,453,1
8,453,0
9,453,6
0,454,4
1,454,9
2,454,8
3,454,3
4,454,2
5,454,5
6,454,0
7,454,1
8,454,7
9,454,6
0,455,4
1,455,9
2,455,2
3,455,3
4,455,1
5,455,6
6,455,0
7,455,8
8,455,7
9,455,5
0,456,4
1,456,5
2,456,9
3,456,2
4,456,1
5,456,6
6,456,0
7,456,8
8,456,7
9,456,3
0,457,1
1,457,7
2,457,9
3,457,2
4,457,8
5,457,6
6,457,0
7,457,4
8,457,5
9,457,3
0,458,1
1,458,7
2,458,8
3,458,0
4,458,6
5,458,9
6,458,2
7,458,4
8,458,5
9,458,3
0,459,1
1,459,7
2,459,8
3,459,0
4,459,3
5,459,5
6,459,2
7,459,6
8,459,9
9,459,4
0,460,1
1,460,7
2,460,9
3,460,0
4,460,3
5,460,6
6,460,2
7,460,5
8,460,4
9,460,8
0,461,1
1,461,3
2,461,9
3,461,4
4,461,7
5,461,6
6,461,2
7,461,0
8,461,5
9,461,8
0,462,1
1,462,7
2,462,9
3,462,6
4,462,3
5,462,4
6,462,0
7,462,2
8,462,5
9,462,8
0,463,1
1,463,3
2,463,7
3,463,8
4,463,9
5,463,4
6,463,0
7,463,2
8,463,5
9,463,6
0,464,1
1,464,5
2,464,9
3,464,8
4,464,0
5,464,4
6,464,7
7,464,2
8,464,3
9,464,6
0,465,7
1,465,4
2,465,2
3,465,8
4,465,0
5,465,5
6,465,1
7,465,9
8,465,3
9,465,6
0,466,0
1,466,4
2,466,8
3,466,2
4,466,7
5,466,5
6,466,3
7,466,9
8,466,1
9,466,6
0,467,3
1,467,4
2,467,8
3,467,7
4,467,0
5,467,5
6,467,2
7,467,9
8,467,1
9,467,6
0,468,3
1,468,2
2,468,1
3,468,7
4,468,0
5,468,5
6,468,8
7,468,9
8,468,4
9,468,6
0,469,3
1,469,5
2,469,2
3,469,1
4,469,0
5,469,7
6,469,8
7,469,9
8,469,4
9,469,6
0,470,3
1,470,8
2,470,2
3,470,1
4,470,4
5,470,0
6,470,5
7,470,9
8,470,7
9,470,6
0,471,2
1,471,8
2,471,3
3,471,1
4,471,4
5,471,0
6,471,9
7,471,6
8,471,7
9,471,5
0,472,5
1,472,8
2,472,3
3,472,1
4,472,4
5,472,0
6,472,9
7,472,6
8,472,7
9,472,2
0,473,5
1,473,8
2,473,2
3,473,1
4,473,7
5,473,0
6,473,9
7,473,6
8,473,3
9,473,4
0,474,5
1,474,1
2,474,8
3,474,0
4,474,7
5,474,2
6,474,9
7,474,6
8,474,3
9,474,4
0,475,5
1,475,3
2,475,1
3,475,0
4,475,7
5,475,2
6,475,8
7,475,6
8,475,9
9,475,4
0,476,5
1,476,3
2,476,1
3,476,0
4,476,9
5,476,2
6,476,8
7,476,4
8,476,6
9,476,7
0,477,5
1,477,3
2,477,6
3,477,8
4,477,2
5,477,9
6,477,0
7,477,4
8,477,1
9,477,7
0,478,5
1,478,3
2,478,6
3,478,7
4,478,2
5,478,9
6,478,8
7,478,4
8,478,0
9,478,1
0,479,4
1,479,3
2,479,6
3,479,7
4,479,2
5,479,9
6,479,5
7,479,0
8,479,8
9,479,1
0,480,4
1,480,8
2,480,6
3,480,3
4,480,1
5,480,9
6,480,5
7,480,0
8,480,7
9,480,2
0,481,9
1,481,8
2,481,7
3,481,3
4,481,1
5,481,4
6,481,5
7,481,2
8,481,6
9,481,0
0,482,4
1,482,8
2,482,1
3,482,9
4,482,7
5,482,3
6,482,5
7,482,2
8,482,6
9,482,0
0,483,9
1,483,8
2,483,1
3,483,4
4,483,6
5,483,3
6,483,5
7,483,7
8,483,2
9,483,0
0,484,5
1,484,6
2,484,1
3,484,4
4,484,8
5,484,3
6,484,9
7,484,0
8,484,2
9,484,7
0,485,0
1,485,7
2,485,1
3,485,4
4,485,8
5,485,5
6,485,9
7,485,3
8,485,2
9,485,6
0,486,3
1,486,1
2,486,7
3,486,4
4,486,6
5,486,5
6,486,9
7,486,0
8,486,2
9,486,8
0,487,6
1,487,4
2,487,7
3,487,9
4,487,3
5,487,5
6,487,1
7,487,0
8,487,2
9,487,8
0,488,6
1,488,0
2,488,4
3,488,7
4,488,3
5,488,5
6,488,1
7,488,9
8,488,2
9,488,8
0,489,6
1,489,4
2,489,0
3,489,7
4,489,3
5,489,5
6,489,1
7,489,9
8,489,2
9,489,8
0,490,6
1,490,3
2,490,0
3,490,7
4,490,4
5,490,5
6,490,1
7,490,9
8,490,2
9,490,8
0,491,6
1,491,7
2,491,8
3,491,3
4,491,4
5,491,5
6,491,0
7,491,9
8,491,2
9,491,1
0,492,1
1,492,7
2,492,8
3,492,3
4,492,2
5,492,5
6,492,0
7,492,6
8,492,4
9,492,9
0,493,1
1,493,4
2,493,7
3,493,5
4,493,2
5,493,3
6,493,0
7,493,6
8,493,8
9,493,9
0,494,3
1,494,1
2,494,7
3,494,5
4,494,2
5,494,9
6,494,0
7,494,6
8,494,8
9,494,4
0,495,7
1,495,9
2,495,3
3,495,4
4,495,2
5,495,1
6,495,0
7,495,6
8,495,8
9,495,5
0,496,2
1,496,9
2,496,3
3,496,4
4,496,1
5,496,7
6,496,0
7,496,5
8,496,8
9,496,6
0,497,2
1,497,9
2,497,3
3,497,6
4,497,7
5,497,1
6,497,0
7,497,8
8,497,5
9,497,4
0,498,1
1,498,9
2,498,0
3,498,6
4,498,8
5,498,2
6,498,3
7,498,7
8,498,5
9,498,4
0,499,5
1,499,9
2,499,0
3,499,8
4,499,3
5,499,2
6,499,6
7,499,7
8,499,1
9,499,4
0,500,5
1,500,9
2,500,2
3,500,8
4,500,3
5,500,0
6,500,6
7,500,7
8,500,1
9,500,4
0,501,5
1,501,9
2,501,1
3,501,6
4,501,7
5,501,0
6,501,8
7,501,3
8,501,2
9,501,4
0,502,5
1,502,8
2,502,1
3,502,4
4,502,7
5,502,0
6,502,9
7,502,6
8,502,2
9,502,3
0,503,8
1,503,7
2,503,1
3,503,6
4,503,5
5,503,0
6,503,9
7,503,4
8,503,2
9,503,3
0,504,8
1,504,7
2,504,4
3,504,6
4,504,3
5,504,0
6,504,9
7,504,1
8,504,5
9,504,2
0,505,8
1,505,7
2,505,2
3,505,6
4,505,3
5,505,0
6,505,4
7,505,1
8,505,9
9,505,5
0,506,8
1,506,7
2,506,2
3,506,3
4,506,0
5,506,1
6,506,4
7,506,6
8,506,9
9,506,5
0,507,8
1,507,1
2,507,2
3,507,5
4,507,0
5,507,4
6,507,7
7,507,6
8,507,9
9,507,3
0,508,3
1,508,1
2,508,2
3,508,4
4,508,0
5,508,5
6,508,7
7,508,6
8,508,8
9,508,9
0,509,2
1,509,1
2,509,3
3,509,4
4,509,5
5,509,0
6,509,7
7,509,9
8,509,8
9,509,6
0,510,2
1,510,7
2,510,3
3,510,4
4,510,6
5,510,5
6,510,1
7,510,9
8,510,8
9,510,0
0,511,6
1,511,7
2,511,0
3,511,4
4,511,8
5,511,5
6,511,1
7,511,9
8,511,2
9,511,3
0,512,6
1,512,7
2,512,0
3,512,4
4,512,8
5,512,2
6,512,3
7,512,1
8,512,5
9,512,9
0,513,8
1,513,7
2,513,0
3,513,4
4,513,3
5,513,2
6,513,6
7,513,1
8,513,9
9,513,5
0,514,7
1,514,5
2,514,0
3,514,8
4,514,3
5,514,2
6,514,6
7,514,1
8,514,9
9,514,4
0,515,7
1,515,8
2,515,0
3,515,3
4,515,5
5,515,2
6,515,4
7,515,1
8,515,9
9,515,6
0,516,7
1,516,5
2,516,4
3,516,3
4,516,0
5,516,2
6,516,8
7,516,1
8,516,9
9,516,6
0,517,7
1,517,4
2,517,8
3,517,3
4,517,0
5,517,1
6,517,5
7,517,2
8,517,9
9,517,6
0,518,3
1,518,4
2,518,8
3,518,9
4,518,2
5,518,1
6,518,5
7,518,0
8,518,7
9,518,6
0,519,6
1,519,4
2,519,7
3,519,9
4,519,2
5,519,3
6,519,5
7,519,0
8,519,8
9,519,1
0,520,6
1,520,4
2,520,1
3,520,9
4,520,2
5,520,0
6,520,7
7,520,3
8,520,8
9,520,5
0,521,6
1,521,4
2,521,0
3,521,8
4,521,2
5,521,1
6,521,7
7,521,9
8,521,3
9,521,5
0,522,0
1,522,4
2,522,6
3,522,8
4,522,5
5,522,9
6,522,7
7,522,1
8,522,3
9,522,2
0,523,0
1,523,4
2,523,8
3,523,6
4,523,2
5,523,5
6,523,7
7,523,1
8,523,3
9,523,9
0,524,3
1,524,1
2,524,8
3,524,6
4,524,4
5,524,5
6,524,7
7,524,2
8,524,0
9,524,9
0,525,3
1,525,1
2,525,0
3,525,6
4,525,4
5,525,5
6,525,8
7,525,7
8,525,2
9,525,9
0,526,3
1,526,1
2,526,0
3,526,4
4,526,2
5,526,9
6,526,8
7,526,7
8,526,6
9,526,5
0,527,8
1,527,6
2,527,0
3,527,5
4,527,2
5,527,9
6,527,3
7,527,7
8,527,1
9,527,4
0,528,6
1,528,8
2,528,0
3,528,5
4,528,2
5,528,1
6,528,3
7,528,7
8,528,4
9,528,9
0,529,1
1,529,8
2,529,0
3,529,9
4,529,3
5,529,6
6,529,2
7,529,7
8,529,4
9,529,5
0,530,3
1,530,8
2,530,1
3,530,9
4,530,6
5,530,0
6,530,2
7,530,7
8,530,4
9,530,5
0,531,3
1,531,8
2,531,1
3,531,9
4,531,0
5,531,5
6,531,2
7,531,4
8,531,7
9,531,6
0,532,1
1,532,0
2,532,3
3,532,9
4,532,8
5,532,7
6,532,2
7,532,4
8,532,5
9,532,6
0,533,1
1,533,7
2,533,3
3,533,9
4,533,8
5,533,0
6,533,6
7,533,4
8,533,2
9,533,5
0,534,3
1,534,7
2,534,8
3,534,9
4,534,1
5,534,0
6,534,6
7,534,4
8,534,5
9,534,2
0,535,3
1,535,7
2,535,9
3,535,4
4,535,0
5,535,1
6,535,6
7,535,8
8,535,5
9,535,2
0,536,3
1,536,5
2,536,9
3,536,4
4,536,0
5,536,1
6,536,6
7,536,8
8,536,7
9,536,2
0,537,3
1,537,5
2,537,8
3,537,4
4,537,7
5,537,1
6,537,6
7,537,0
8,537,9
9,537,2
0,538,1
1,538,5
2,538,3
3,538,4
4,538,7
5,538,8
6,538,2
7,538,0
8,538,9
9,538,6
0,539,1
1,539,6
2,539,7
3,539,4
4,539,3
5,539,8
6,539,5
7,539,0
8,539,9
9,539,2
0,540,1
1,540,6
2,540,7
3,540,8
4,540,9
5,540,4
6,540,0
7,540,5
8,540,3
9,540,2
0,541,1
1,541,5
2,541,0
3,541,3
4,541,9
5,541,4
6,541,7
7,541,6
8,541,8
9,541,2
0,542,1
1,542,5
2,542,3
3,542,0
4,542,8
5,542,4
6,542,7
7,542,2
8,542,9
9,542,6
0,543,1
1,543,5
2,543,2
3,543,0
4,543,8
5,543,4
6,543,7
7,543,9
8,543,6
9,543,3
0,544,1
1,544,5
2,544,6
3,544,9
4,544,2
5,544,4
6,544,7
7,544,0
8,544,8
9,544,3
0,545,8
1,545,5
2,545,6
3,545,7
4,545,2
5,545,4
6,545,3
7,545,0
8,545,1
9,545,9
0,546,4
1,546,6
2,546,5
3,546,7
4,546,2
5,546,8
6,546,3
7,546,9
8,546,1
9,546,0
0,547,4
1,547,6
2,547,5
3,547,0
4,547,2
5,547,8
6,547,7
7,547,3
8,547,1
9,547,9
0,548,4
1,548,7
2,548,5
3,548,0
4,548,9
5,548,3
6,548,6
7,548,8
8,548,1
9,548,2
0,549,7
1,549,4
2,549,0
3,549,5
4,549,6
5,549,3
6,549,9
7,549,8
8,549,1
9,549,2
0,550,7
1,550,4
2,550,1
3,550,5
4,550,6
5,550,3
6,550,9
7,550,8
8,550,0
9,550,2
0,551,7
1,551,4
2,551,6
3,551,5
4,551,1
5,551,3
6,551,0
7,551,8
8,551,2
9,551,9
0,552,3
1,552,4
2,552,6
3,552,5
4,552,1
5,552,8
6,552,9
7,552,7
8,552,2
9,552,0
0,553,4
1,553,0
2,553,6
3,553,5
4,553,1
5,553,8
6,553,3
7,553,7
8,553,2
9,553,9
0,554,1
1,554,6
2,554,0
3,554,5
4,554,4
5,554,3
6,554,8
7,554,7
8,554,2
9,554,9
0,555,1
1,555,2
2,555,0
3,555,9
4,555,5
5,555,3
6,555,8
7,555,7
8,555,6
9,555,4
0,556,1
1,556,2
2,556,5
3,556,3
4,556,4
5,556,9
6,556,8
7,556,7
8,556,6
9,556,0
0,557,1
1,557,2
2,557,5
3,557,6
4,557,9
5,557,4
6,557,7
7,557,8
8,557,3
9,557,0
0,558,1
1,558,2
2,558,7
3,558,5
4,558,6
5,558,4
6,558,9
7,558,8
8,558,3
9,558,0
0,559,6
1,559,2
2,559,7
3,559,5
4,559,1
5,559,4
6,559,9
7,559,8
8,559,3
9,559,0
0,560,6
1,560,8
2,560,2
3,560,0
4,560,1
5,560,4
6,560,9
7,560,7
8,560,3
9,560,5
0,561,6
1,561,8
2,561,2
3,561,9
4,561,1
5,561,5
6,561,3
7,561,7
8,561,0
9,561,4
0,562,8
1,562,6
2,562,0
3,562,9
4,562,2
5,562,5
6,562,3
7,562,7
8,562,1
9,562,4
0,563,8
1,563,6
2,563,0
3,563,5
4,563,2
5,563,1
6,563,4
7,563,7
8,563,9
9,563,3
0,564,8
1,564,3
2,564,0
3,564,5
4,564,2
5,564,1
6,564,7
7,564,4
8,564,6
9,564,9
0,565,8
1,565,0
2,565,4
3,565,5
4,565,2
5,565,1
6,565,3
7,565,7
8,565,6
9,565,9
0,566,8
1,566,7
2,566,4
3,566,5
4,566,2
5,566,0
6,566,6
7,566,1
8,566,3
9,566,9
0,567,8
1,567,1
2,567,4
3,567,5
4,567,0
5,567,3
6,567,6
7,567,7
8,567,2
9,567,9
0,568,7
1,568,5
2,568,4
3,568,1
4,568,8
5,568,3
6,568,6
7,568,0
8,568,2
9,568,9
0,569,7
1,569,2
2,569,0
3,569,1
4,569,8
5,569,4
6,569,6
7,569,3
8,569,5
9,569,9
0,570,3
1,570,2
2,570,8
3,570,1
4,570,0
5,570,4
6,570,6
7,570,9
8,570,5
9,570,7
0,571,3
1,571,4
2,571,8
3,571,0
4,571,1
5,571,2
6,571,6
7,571,9
8,571,7
9,571,5
0,572,0
1,572,4
2,572,8
3,572,3
4,572,1
5,572,2
6,572,6
7,572,9
8,572,7
9,572,5
0,573,0
1,573,4
2,573,6
3,573,5
4,573,1
5,573,2
6,573,8
7,573,9
8,573,3
9,573,7
0,574,3
1,574,9
2,574,6
3,574,5
4,574,1
5,574,2
6,574,0
7,574,4
8,574,8
9,574,7
0,575,3
1,575,9
2,575,2
3,575,5
4,575,1
5,575,6
6,575,8
7,575,0
8,575,4
9,575,7
0,576,7
1,576,9
2,576,4
3,576,5
4,576,1
5,576,6
6,576,0
7,576,8
8,576,2
9,576,3
0,577,7
1,577,9
2,577,1
3,577,5
4,577,8
5,577,6
6,577,0
7,577,2
8,577,4
9,577,3
0,578,7
1,578,6
2,578,0
3,578,5
4,578,2
5,578,9
6,578,1
7,578,8
8,578,4
9,578,3
0,579,7
1,579,6
2,579,9
3,579,8
4,579,2
5,579,1
6,579,0
7,579,5
8,579,4
9,579,3
0,580,7
1,580,3
2,580,9
3,580,8
4,580,0
5,580,2
6,580,1
7,580,5
8,580,4
9,580,6
0,581,7
1,581,3
2,581,9
3,581,4
4,581,0
5,581,5
6,581,1
7,581,2
8,581,6
9,581,8
0,582,5
1,582,3
2,582,9
3,582,2
4,582,0
5,582,7
6,582,1
7,582,6
8,582,4
9,582,8
0,583,5
1,583,3
2,583,9
3,583,4
4,583,0
5,583,8
6,583,1
7,583,7
8,583,2
9,583,6
0,584,8
1,584,3
2,584,9
3,584,4
4,584,1
5,584,5
6,584,0
7,584,2
8,584,7
9,584,6
0,585,7
1,585,8
2,585,9
3,585,4
4,585,5
5,585,1
6,585,0
7,585,2
8,585,3
9,585,6
0,586,3
1,586,0
2,586,9
3,586,8
4,586,5
5,586,1
6,586,4
7,586,2
8,586,7
9,586,6
0,587,5
1,587,4
2,587,9
3,587,8
4,587,3
5,587,2
6,587,0
7,587,1
8,587,7
9,587,6
0,588,3
1,588,1
2,588,9
3,588,8
4,588,7
5,588,2
6,588,0
7,588,4
8,588,5
9,588,6
0,589,3
1,589,5
2,589,7
3,589,2
4,589,9
5,589,8
6,589,0
7,589,4
8,589,1
9,589,6
0,590,3
1,590,1
2,590,9
3,590,7
4,590,2
5,590,8
6,590,0
7,590,4
8,590,5
9,590,6
0,591,3
1,591,1
2,591,9
3,591,4
4,591,0
5,591,8
6,591,2
7,591,7
8,591,6
9,591,5
0,592,6
1,592,7
2,592,9
3,592,4
4,592,3
5,592,8
6,592,2
7,592,1
8,592,0
9,592,5
0,593,6
1,593,0
2,593,2
3,593,7
4,593,3
5,593,8
6,593,9
7,593,1
8,593,4
9,593,5
0,594,6
1,594,0
2,594,5
3,594,1
4,594,3
5,594,8
6,594,9
7,594,2
8,594,4
9,594,7
0,595,6
1,595,0
2,595,4
3,595,1
4,595,3
5,595,2
6,595,8
7,595,9
8,595,5
9,595,7
0,596,4
1,596,0
2,596,3
3,596,1
4,596,5
5,596,2
6,596,8
7,596,9
8,596,6
9,596,7
0,597,4
1,597,0
2,597,3
3,597,6
4,597,5
5,597,1
6,597,8
7,597,9
8,597,7
9,597,2
0,598,5
1,598,7
2,598,9
3,598,6
4,598,4
5,598,1
6,598,8
7,598,3
8,598,0
9,598,2
0,599,5
1,599,7
2,599,9
3,599,8
4,599,4
5,599,1
6,599,2
7,599,3
8,599,6
9,599,0
0,600,7
1,600,5
2,600,1
3,600,2
4,600,4
5,600,9
6,600,8
7,600,3
8,600,6
9,600,0
0,601,7
1,601,5
2,601,3
3,601,0
4,601,4
5,601,9
6,601,8
7,601,6
8,601,1
9,601,2
0,602,3
1,602,7
2,602,5
3,602,2
4,602,4
5,602,9
6,602,8
7,602,6
8,602,1
9,602,0
0,603,3
1,603,2
2,603,5
3,603,9
4,603,4
5,603,6
6,603,8
7,603,7
8,603,1
9,603,0
0,604,3
1,604,8
2,604,5
3,604,9
4,604,0
5,604,6
6,604,1
7,604,7
8,604,2
9,604,4
0,605,3
1,605,8
2,605,5
3,605,9
4,605,1
5,605,0
6,605,6
7,605,2
8,605,7
9,605,4
0,606,3
1,606,8
2,606,5
3,606,9
4,606,1
5,606,4
6,606,6
7,606,0
8,606,2
9,606,7
0,607,3
1,607,0
2,607,5
3,607,1
4,607,9
5,607,6
6,607,4
7,607,8
8,607,2
9,607,7
0,608,6
1,608,0
2,608,5
3,608,1
4,608,2
5,608,3
6,608,9
7,608,8
8,608,4
9,608,7
0,609,6
1,609,4
2,609,9
3,609,1
4,609,2
5,609,3
6,609,5
7,609,0
8,609,8
9,609,7
0,610,8
1,610,4
2,610,9
3,610,3
4,610,2
5,610,1
6,610,0
7,610,5
8,610,6
9,610,7
0,611,8
1,611,4
2,611,6
3,611,0
4,611,2
5,611,1
6,611,7
7,611,5
8,611,9
9,611,3
0,612,8
1,612,4
2,612,9
3,612,7
4,612,0
5,612,1
6,612,2
7,612,5
8,612,6
9,612,3
0,613,8
1,613,9
2,613,2
3,613,7
4,613,0
5,613,3
6,613,4
7,613,5
8,613,6
9,613,1
0,614,8
1,614,1
2,614,2
3,614,6
4,614,0
5,614,3
6,614,5
7,614,4
8,614,7
9,614,9
0,615,8
1,615,4
2,615,6
3,615,2
4,615,0
5,615,3
6,615,5
7,615,7
8,615,1
9,615,9
0,616,8
1,616,4
2,616,6
3,616,7
4,616,0
5,616,2
6,616,5
7,616,1
8,616,3
9,616,9
0,617,4
1,617,8
2,617,6
3,617,7
4,617,0
5,617,2
6,617,3
7,617,5
8,617,1
9,617,9
0,618,4
1,618,6
2,618,9
3,618,7
4,618,0
5,618,2
6,618,3
7,618,5
8,618,8
9,618,1
0,619,4
1,619,2
2,619,9
3,619,6
4,619,0
5,619,7
6,619,5
7,619,3
8,619,8
9,619,1
0,620,2
1,620,4
2,620,1
3,620,6
4,620,9
5,620,7
6,620,5
7,620,3
8,620,8
9,620,0
0,621,2
1,621,8
2,621,1
3,621,7
4,621,9
5,621,6
6,621,5
7,621,3
8,621,0
9,621,4
0,622,1
1,622,9
2,622,4
3,622,7
4,622,8
5,622,6
6,622,5
7,622,3
8,622,0
9,622,2
0,623,7
1,623,3
2,623,4
3,623,1
4,623,8
5,623,6
6,623,0
7,623,9
8,623,5
9,623,2
0,624,3
1,624,9
2,624,1
3,624,4
4,624,8
5,624,6
6,624,0
7,624,7
8,624,5
9,624,2
0,625,0
1,625,6
2,625,9
3,625,4
4,625,8
5,625,1
6,625,3
7,625,7
8,625,5
9,625,2
0,626,6
1,626,3
2,626,9
3,626,4
4,626,8
5,626,2
6,626,0
7,626,7
8,626,5
9,626,1
0,627,2
1,627,3
2,627,5
3,627,4
4,627,8
5,627,1
6,627,0
7,627,7
8,627,9
9,627,6
0,628,9
1,628,3
2,628,5
3,628,6
4,628,8
5,628,1
6,628,0
7,628,4
8,628,2
9,628,7
0,629,9
1,629,3
2,629,5
3,629,6
4,629,8
5,629,1
6,629,2
7,629,4
8,629,0
9,629,7
0,630,6
1,630,3
2,630,5
3,630,7
4,630,9
5,630,1
6,630,2
7,630,4
8,630,0
9,630,8
0,631,6
1,631,2
2,631,5
3,631,9
4,631,0
5,631,1
6,631,3
7,631,4
8,631,7
9,631,8
0,632,6
1,632,4
2,632,5
3,632,9
4,632,1
5,632,0
6,632,3
7,632,7
8,632,2
9,632,8
0,633,0
1,633,8
2,633,5
3,633,2
4,633,1
5,633,6
6,633,3
7,633,7
8,633,9
9,633,4
0,634,5
1,634,8
2,634,2
3,634,6
4,634,1
5,634,0
6,634,3
7,634,7
8,634,9
9,634,4
0,635,5
1,635,8
2,635,7
3,635,6
4,635,9
5,635,0
6,635,1
7,635,2
8,635,3
9,635,4
0,636,5
1,636,4
2,636,7
3,636,6
4,636,9
5,636,0
6,636,1
7,636,2
8,636,3
9,636,8
0,637,5
1,637,3
2,637,7
3,637,6
4,637,9
5,637,1
6,637,8
7,637,2
8,637,4
9,637,0
0,638,5
1,638,9
2,638,7
3,638,6
4,638,2
5,638,4
6,638,8
7,638,3
8,638,1
9,638,0
0,639,5
1,639,4
2,639,7
3,639,0
4,639,2
5,639,8
6,639,9
7,639,3
8,639,1
9,639,6
0,640,5
1,640,4
2,640,7
3,640,2
4,640,0
5,640,3
6,640,9
7,640,6
8,640,1
9,640,8
0,641,5
1,641,4
2,641,7
3,641,8
4,641,0
5,641,2
6,641,9
7,641,6
8,641,3
9,641,1
0,642,5
1,642,4
2,642,9
3,642,8
4,642,7
5,642,0
6,642,2
7,642,6
8,642,3
9,642,1
0,643,9
1,643,4
2,643,5
3,643,1
4,643,7
5,643,0
6,643,8
7,643,6
8,643,3
9,643,2
0,644,9
1,644,1
2,644,5
3,644,4
4,644,2
5,644,6
6,644,8
7,644,0
8,644,3
9,644,7
0,645,6
1,645,1
2,645,2
3,645,4
4,645,5
5,645,8
6,645,9
7,645,0
8,645,3
9,645,7
0,646,0
1,646,1
2,646,2
3,646,4
4,646,5
5,646,8
6,646,9
7,646,6
8,646,3
9,646,7
0,647,0
1,647,4
2,647,3
3,647,1
4,647,5
5,647,8
6,647,2
7,647,6
8,647,9
9,647,7
0,648,0
1,648,1
2,648,3
3,648,7
4,648,5
5,648,8
6,648,9
7,648,6
8,648,2
9,648,4
0,649,2
1,649,3
2,649,1
3,649,0
4,649,5
5,649,8
6,649,9
7,649,6
8,649,7
9,649,4
0,650,2
1,650,3
2,650,1
3,650,0
4,650,8
5,650,7
6,650,4
7,650,6
8,650,5
9,650,9
0,651,2
1,651,3
2,651,1
3,651,0
4,651,5
5,651,8
6,651,4
7,651,7
8,651,6
9,651,9
0,652,4
1,652,3
2,652,1
3,652,0
4,652,9
5,652,8
6,652,5
7,652,7
8,652,6
9,652,2
0,653,6
1,653,3
2,653,2
3,653,1
4,653,9
5,653,8
6,653,5
7,653,7
8,653,4
9,653,0
0,654,6
1,654,3
2,654,8
3,654,4
4,654,9
5,654,0
6,654,5
7,654,7
8,654,1
9,654,2
0,655,6
1,655,4
2,655,7
3,655,2
4,655,9
5,655,0
6,655,5
7,655,8
8,655,1
9,655,3
0,656,9
1,656,6
2,656,7
3,656,2
4,656,0
5,656,4
6,656,5
7,656,8
8,656,1
9,656,3
0,657,2
1,657,6
2,657,7
3,657,0
4,657,3
5,657,4
6,657,5
7,657,8
8,657,1
9,657,9
0,658,1
1,658,6
2,658,7
3,658,3
4,658,0
5,658,8
6,658,5
7,658,4
8,658,2
9,658,9
0,659,1
1,659,2
2,659,8
3,659,3
4,659,9
5,659,7
6,659,5
7,659,4
8,659,6
9,659,0
0,660,2
1,660,1
2,660,7
3,660,3
4,660,9
5,660,8
6,660,4
7,660,5
8,660,6
9,660,0
0,661,2
1,661,1
2,661,7
3,661,3
4,661,6
5,661,8
6,661,5
7,661,0
8,661,9
9,661,4
0,662,2
1,662,1
2,662,7
3,662,3
4,662,6
5,662,8
6,662,9
7,662,0
8,662,5
9,662,4
0,663,6
1,663,1
2,663,7
3,663,9
4,663,5
5,663,8
6,663,3
7,663,0
8,663,2
9,663,4
0,664,6
1,664,1
2,664,5
3,664,3
4,664,9
5,664,8
6,664,7
7,664,0
8,664,2
9,664,4
0,665,3
1,665,0
2,665,5
3,665,1
4,665,9
5,665,8
6,665,7
7,665,6
8,665,2
9,665,4
0,666,2
1,666,0
2,666,5
3,666,1
4,666,9
5,666,8
6,666,7
7,666,6
8,666,3
9,666,4
0,667,2
1,667,0
2,667,8
3,667,1
4,667,5
5,667,7
6,667,9
7,667,6
8,667,3
9,667,4
0,668,4
1,668,0
2,668,8
3,668,5
4,668,1
5,668,7
6,668,2
7,668,6
8,668,3
9,668,9
0,669,4
1,669,0
2,669,6
3,669,3
4,669,1
5,669,7
6,669,9
7,669,8
8,669,5
9,669,2
0,670,4
1,670,7
2,670,6
3,670,3
4,670,1
5,670,2
6,670,8
7,670,9
8,670,5
9,670,0
0,671,2
1,671,7
2,671,6
3,671,3
4,671,9
5,671,1
6,671,8
7,671,4
8,671,5
9,671,0
0,672,2
1,672,4
2,672,9
3,672,5
4,672,6
5,672,1
6,672,8
7,672,7
8,672,3
9,672,0
0,673,2
1,673,4
2,673,9
3,673,5
4,673,6
5,673,0
6,673,8
7,673,7
8,673,3
9,673,1
0,674,0
1,674,3
2,674,9
3,674,5
4,674,6
5,674,8
6,674,2
7,674,7
8,674,4
9,674,1
0,675,8
1,675,0
2,675,9
3,675,5
4,675,6
5,675,3
6,675,2
7,675,7
8,675,1
9,675,4
0,676,8
1,676,0
2,676,9
3,676,1
4,676,6
5,676,7
6,676,2
7,676,3
8,676,4
9,676,5
0,677,8
1,677,0
2,677,2
3,677,7
4,677,6
5,677,1
6,677,5
7,677,3
8,677,4
9,677,9
0,678,8
1,678,0
2,678,4
3,678,7
4,678,6
5,678,2
6,678,5
7,678,1
8,678,3
9,678,9
0,679,0
1,679,6
2,679,4
3,679,7
4,679,8
5,679,2
6,679,1
7,679,5
8,679,3
9,679,9
0,680,5
1,680,0
2,680,8
3,680,7
4,680,4
5,680,2
6,680,1
7,680,6
8,680,3
9,680,9
0,681,5
1,681,6
2,681,7
3,681,8
4,681,4
5,681,1
6,681,2
7,681,0
8,681,3
9,681,9
0,682,7
1,682,6
2,682,5
3,682,8
4,682,3
5,682,1
6,682,2
7,682,4
8,682,0
9,682,9
0,683,8
1,683,1
2,683,5
3,683,7
4,683,3
5,683,6
6,683,2
7,683,9
8,683,0
9,683,4
0,684,0
1,684,1
2,684,2
3,684,7
4,684,3
5,684,8
6,684,5
7,684,9
8,684,6
9,684,4
0,685,8
1,685,1
2,685,5
3,685,7
4,685,3
5,685,0
6,685,2
7,685,6
8,685,9
9,685,4
0,686,5
1,686,1
2,686,8
3,686,7
4,686,9
5,686,2
6,686,0
7,686,6
8,686,3
9,686,4
0,687,5
1,687,2
2,687,4
3,687,6
4,687,9
5,687,1
6,687,0
7,687,7
8,687,3
9,687,8
0,688,5
1,688,6
2,688,4
3,688,2
4,688,0
5,688,3
6,688,9
7,688,7
8,688,1
9,688,8
0,689,5
1,689,7
2,689,3
3,689,2
4,689,1
5,689,4
6,689,9
7,689,6
8,689,0
9,689,8
0,690,5
1,690,3
2,690,4
3,690,2
4,690,9
5,690,7
6,690,1
7,690,6
8,690,0
9,690,8
0,691,5
1,691,8
2,691,4
3,691,2
4,691,9
5,691,7
6,691,3
7,691,6
8,691,1
9,691,0
0,692,7
1,692,8
2,692,4
3,692,1
4,692,9
5,692,5
6,692,3
7,692,2
8,692,6
9,692,0
0,693,7
1,693,8
2,693,5
3,693,2
4,693,4
5,693,9
6,693,3
7,693,1
8,693,6
9,693,0
0,694,5
1,694,8
2,694,7
3,694,6
4,694,4
5,694,3
6,694,9
7,694,1
8,694,2
9,694,0
0,695,9
1,695,8
2,695,7
3,695,2
4,695,5
5,695,3
6,695,4
7,695,1
8,695,6
9,695,0
0,696,9
1,696,8
2,696,7
3,696,4
4,696,5
5,696,3
6,696,1
7,696,6
8,696,2
9,696,0
0,697,9
1,697,4
2,697,7
3,697,1
4,697,5
5,697,3
6,697,8
7,697,0
8,697,2
9,697,6
0,698,9
1,698,2
2,698,7
3,698,1
4,698,5
5,698,3
6,698,8
7,698,0
8,698,4
9,698,6
0,699,2
1,699,9
2,699,7
3,699,3
4,699,0
5,699,1
6,699,8
7,699,5
8,699,4
9,699,6
0,700,2
1,700,9
2,700,7
3,700,0
4,700,4
5,700,5
6,700,8
7,700,1
8,700,3
9,700,6
0,701,2
1,701,9
2,701,6
3,701,0
4,701,5
5,701,4
6,701,8
7,701,1
8,701,7
9,701,3
0,702,7
1,702,9
2,702,5
3,702,0
4,702,6
5,702,4
6,702,3
7,702,1
8,702,2
9,702,8
0,703,3
1,703,9
2,703,5
3,703,4
4,703,0
5,703,6
6,703,7
7,703,1
8,703,2
9,703,8
0,704,3
1,704,9
2,704,5
3,704,2
4,704,0
5,704,1
6,704,7
7,704,4
8,704,6
9,704,8
0,705,1
1,705,0
2,705,9
3,705,2
4,705,5
5,705,3
6,705,7
7,705,4
8,705,6
9,705,8
0,706,6
1,706,0
2,706,9
3,706,2
4,706,7
5,706,3
6,706,5
7,706,4
8,706,8
9,706,1
0,707,3
1,707,0
2,707,9
3,707,8
4,707,7
5,707,1
6,707,5
7,707,4
8,707,2
9,707,6
0,708,3
1,708,8
2,708,9
3,708,6
4,708,7
5,708,1
6,708,5
7,708,2
8,708,4
9,708,0
0,709,6
1,709,8
2,709,4
3,709,9
4,709,7
5,709,1
6,709,5
7,709,2
8,709,3
9,709,0
0,710,6
1,710,1
2,710,4
3,710,9
4,710,5
5,710,7
6,710,8
7,710,2
8,710,3
9,710,0
0,711,6
1,711,1
2,711,9
3,711,7
4,711,4
5,711,5
6,711,8
7,711,2
8,711,3
9,711,0
0,712,6
1,712,1
2,712,0
3,712,7
4,712,4
5,712,2
6,712,5
7,712,8
8,712,3
9,712,9
0,713,3
1,713,1
2,713,0
3,713,5
4,713,4
5,713,2
6,713,6
7,713,8
8,713,7
9,713,9
0,714,1
1,714,9
2,714,0
3,714,5
4,714,8
5,714,2
6,714,6
7,714,4
8,714,7
9,714,3
0,715,2
1,715,9
2,715,0
3,715,5
4,715,1
5,715,8
6,715,6
7,715,7
8,715,4
9,715,3
0,716,3
1,716,2
2,716,0
3,716,9
4,716,1
5,716,8
6,716,6
7,716,7
8,716,4
9,716,5
0,717,0
1,717,2
2,717,3
3,717,9
4,717,7
5,717,1
6,717,6
7,717,8
8,717,4
9,717,5
0,718,6
1,718,8
2,718,3
3,718,9
4,718,7
5,718,0
6,718,1
7,718,2
8,718,4
9,718,5
0,719,6
1,719,9
2,719,1
3,719,0
4,719,7
5,719,8
6,719,3
7,719,2
8,719,4
9,719,5
0,720,6
1,720,9
2,720,1
3,720,4
4,720,7
5,720,8
6,720,3
7,720,2
8,720,0
9,720,5
0,721,5
1,721,7
2,721,1
3,721,8
4,721,9
5,721,4
6,721,3
7,721,2
8,721,0
9,721,6
0,722,5
1,722,1
2,722,6
3,722,8
4,722,9
5,722,4
6,722,3
7,722,0
8,722,2
9,722,7
0,723,5
1,723,1
2,723,0
3,723,8
4,723,7
5,723,4
6,723,9
7,723,6
8,723,2
9,723,3
0,724,5
1,724,8
2,724,0
3,724,4
4,724,7
5,724,1
6,724,2
7,724,6
8,724,9
9,724,3
0,725,5
1,725,8
2,725,3
3,725,9
4,725,6
5,725,1
6,725,2
7,725,7
8,725,4
9,725,0
0,726,0
1,726,8
2,726,6
3,726,9
4,726,4
5,726,1
6,726,2
7,726,7
8,726,3
9,726,5
0,727,0
1,727,4
2,727,6
3,727,9
4,727,3
5,727,1
6,727,8
7,727,7
8,727,2
9,727,5
0,728,7
1,728,4
2,728,6
3,728,9
4,728,2
5,728,1
6,728,0
7,728,8
8,728,3
9,728,5
0,729,7
1,729,4
2,729,0
3,729,1
4,729,2
5,729,3
6,729,6
7,729,8
8,729,9
9,729,5
0,730,6
1,730,7
2,730,0
3,730,8
4,730,2
5,730,3
6,730,4
7,730,1
8,730,9
9,730,5
0,731,6
1,731,7
2,731,1
3,731,8
4,731,9
5,731,4
6,731,3
7,731,0
8,731,2
9,731,5
0,732,6
1,732,7
2,732,1
3,732,5
4,732,3
5,732,4
6,732,0
7,732,9
8,732,2
9,732,8
0,733,6
1,733,3
2,733,4
3,733,5
4,733,7
5,733,1
6,733,0
7,733,9
8,733,8
9,733,2
0,734,6
1,734,9
2,734,3
3,734,5
4,734,7
5,734,2
6,734,0
7,734,4
8,734,8
9,734,1
0,735,2
1,735,3
2,735,9
3,735,5
4,735,7
5,735,8
6,735,0
7,735,4
8,735,6
9,735,1
0,736,2
1,736,6
2,736,9
3,736,5
4,736,7
5,736,1
6,736,0
7,736,3
8,736,4
9,736,8
0,737,2
1,737,6
2,737,9
3,737,5
4,737,7
5,737,8
6,737,3
7,737,4
8,737,0
9,737,1
0,738,2
1,738,1
2,738,9
3,738,5
4,738,0
5,738,3
6,738,8
7,738,4
8,738,7
9,738,6
0,739,7
1,739,1
2,739,2
3,739,0
4,739,5
5,739,3
6,739,8
7,739,4
8,739,9
9,739,6
0,740,7
1,740,1
2,740,2
3,740,0
4,740,5
5,740,3
6,740,8
7,740,4
8,740,6
9,740,9
0,741,7
1,741,1
2,741,3
3,741,8
4,741,2
5,741,5
6,741,0
7,741,4
8,741,6
9,741,9
0,742,3
1,742,1
2,742,7
3,742,5
4,742,6
5,742,8
6,742,0
7,742,4
8,742,2
9,742,9
0,743,3
1,743,1
2,743,7
3,743,5
4,743,9
5,743,2
6,743,4
7,743,0
8,743,8
9,743,6
0,744,2
1,744,1
2,744,7
3,744,9
4,744,5
5,744,4
6,744,3
7,744,0
8,744,8
9,744,6
0,745,2
1,745,5
2,745,7
3,745,9
4,745,0
5,745,4
6,745,3
7,745,1
8,745,6
9,745,8
0,746,7
1,746,1
2,746,2
3,746,9
4,746,0
5,746,4
6,746,8
7,746,5
8,746,6
9,746,3
0,747,7
1,747,3
2,747,2
3,747,9
4,747,1
5,747,4
6,747,0
7,747,5
8,747,6
9,747,8
0,748,7
1,748,8
2,748,2
3,748,9
4,748,1
5,748,4
6,748,0
7,748,3
8,748,5
9,748,6
0,749,7
1,749,8
2,749,9
3,749,2
4,749,1
5,749,4
6,749,0
7,749,3
8,749,5
9,749,6
0,750,7
1,750,8
2,750,5
3,750,2
4,750,1
5,750,4
6,750,9
7,750,0
8,750,3
9,750,6
0,751,7
1,751,1
2,751,5
3,751,2
4,751,9
5,751,4
6,751,3
7,751,0
8,751,8
9,751,6
0,752,9
1,752,3
2,752,1
3,752,2
4,752,7
5,752,4
6,752,5
7,752,0
8,752,8
9,752,6
0,753,9
1,753,3
2,753,5
3,753,2
4,753,4
5,753,1
6,753,7
7,753,0
8,753,8
9,753,6
0,754,9
1,754,0
2,754,6
3,754,2
4,754,4
5,754,8
6,754,7
7,754,3
8,754,1
9,754,5
0,755,9
1,755,0
2,755,3
3,755,2
4,755,4
5,755,8
6,755,7
7,755,6
8,755,1
9,755,5
0,756,1
1,756,0
2,756,4
3,756,9
4,756,3
5,756,8
6,756,7
7,756,6
8,756,2
9,756,5
0,757,5
1,757,0
2,757,7
3,757,9
4,757,1
5,757,8
6,757,4
7,757,6
8,757,2
9,757,3
0,758,5
1,758,1
2,758,3
3,758,9
4,758,0
5,758,8
6,758,4
7,758,6
8,758,7
9,758,2
0,759,4
1,759,1
2,759,6
3,759,7
4,759,0
5,759,8
6,759,5
7,759,3
8,759,9
9,759,2
0,760,1
1,760,4
2,760,6
3,760,7
4,760,0
5,760,2
6,760,5
7,760,8
8,760,9
9,760,3
0,761,8
1,761,4
2,761,6
3,761,7
4,761,0
5,761,5
6,761,2
7,761,9
8,761,1
9,761,3
0,762,1
1,762,4
2,762,6
3,762,8
4,762,0
5,762,7
6,762,2
7,762,9
8,762,5
9,762,3
0,763,1
1,763,8
2,763,6
3,763,5
4,763,0
5,763,7
6,763,2
7,763,9
8,763,3
9,763,4
0,764,1
1,764,8
2,764,3
3,764,6
4,764,0
5,764,7
6,764,2
7,764,9
8,764,4
9,764,5
0,765,9
1,765,7
2,765,3
3,765,6
4,765,0
5,765,8
6,765,2
7,765,1
8,765,5
9,765,4
0,766,9
1,766,1
2,766,3
3,766,5
4,766,2
5,766,8
6,766,0
7,766,7
8,766,6
9,766,4
0,767,9
1,767,7
2,767,3
3,767,8
4,767,2
5,767,5
6,767,0
7,767,1
8,767,4
9,767,6
0,768,3
1,768,7
2,768,9
3,768,2
4,768,8
5,768,5
6,768,1
7,768,0
8,768,4
9,768,6
0,769,0
1,769,7
2,769,9
3,769,2
4,769,8
5,769,1
6,769,5
7,769,6
8,769,4
9,769,3
0,770,2
1,770,8
2,770,4
3,770,0
4,770,7
5,770,1
6,770,5
7,770,6
8,770,9
9,770,3
0,771,2
1,771,8
2,771,4
3,771,7
4,771,3
5,771,1
6,771,6
7,771,5
8,771,9
9,771,0
0,772,3
1,772,8
2,772,4
3,772,2
4,772,7
5,772,1
6,772,9
7,772,5
8,772,6
9,772,0
0,773,2
1,773,8
2,773,4
3,773,3
4,773,0
5,773,7
6,773,9
7,773,5
8,773,6
9,773,1
0,774,2
1,774,0
2,774,8
3,774,3
4,774,4
5,774,1
6,774,9
7,774,5
8,774,6
9,774,7
0,775,3
1,775,0
2,775,8
3,775,2
4,775,4
5,775,1
6,775,9
7,775,6
8,775,7
9,775,5
0,776,8
1,776,0
2,776,3
3,776,4
4,776,2
5,776,6
6,776,9
7,776,1
8,776,7
9,776,5
0,777,8
1,777,0
2,777,4
3,777,3
4,777,2
5,777,6
6,777,9
7,777,1
8,777,7
9,777,5
0,778,8
1,778,0
2,778,4
3,778,3
4,778,2
5,778,6
6,778,9
7,778,7
8,778,1
9,778,5
0,779,5
1,779,0
2,779,4
3,779,3
4,779,9
5,779,7
6,779,2
7,779,6
8,779,1
9,779,8
0,780,5
1,780,0
2,780,4
3,780,1
4,780,3
5,780,7
6,780,9
7,780,6
8,780,2
9,780,8
0,781,5
1,781,0
2,781,4
3,781,2
4,781,3
5,781,7
6,781,9
7,781,6
8,781,1
9,781,8
0,782,2
1,782,0
2,782,4
3,782,3
4,782,1
5,782,7
6,782,9
7,782,6
8,782,5
9,782,8
0,783,2
1,783,0
2,783,7
3,783,8
4,783,1
5,783,5
6,783,9
7,783,6
8,783,4
9,783,3
0,784,2
1,784,7
2,784,0
3,784,4
4,784,1
5,784,5
6,784,9
7,784,6
8,784,3
9,784,8
0,785,2
1,785,0
2,785,5
3,785,4
4,785,3
5,785,7
6,785,9
7,785,6
8,785,1
9,785,8
0,786,5
1,786,0
2,786,1
3,786,6
4,786,3
5,786,7
6,786,9
7,786,4
8,786,2
9,786,8
0,787,4
1,787,0
2,787,1
3,787,3
4,787,6
5,787,2
6,787,9
7,787,5
8,787,7
9,787,8
0,788,8
1,788,2
2,788,1
3,788,3
4,788,6
5,788,4
6,788,9
7,788,5
8,788,7
9,788,0
0,789,8
1,789,2
2,789,3
3,789,1
4,789,9
5,789,6
6,789,4
7,789,5
8,789,7
9,789,0
0,790,8
1,790,0
2,790,3
3,790,1
4,790,2
5,790,6
6,790,9
7,790,5
8,790,7
9,790,4
0,791,8
1,791,0
2,791,2
3,791,3
4,791,1
5,791,7
6,791,9
7,791,5
8,791,6
9,791,4
0,792,5
1,792,0
2,792,9
3,792,2
4,792,1
5,792,7
6,792,3
7,792,8
8,792,6
9,792,4
0,793,5
1,793,9
2,793,8
3,793,2
4,793,1
5,793,7
6,793,0
7,793,3
8,793,6
9,793,4
0,794,5
1,794,9
2,794,8
3,794,3
4,794,2
5,794,7
6,794,0
7,794,4
8,794,6
9,794,1
0,795,5
1,795,3
2,795,2
3,795,9
4,795,6
5,795,7
6,795,0
7,795,4
8,795,8
9,795,1
0,796,5
1,796,0
2,796,2
3,796,7
4,796,8
5,796,9
6,796,3
7,796,4
8,796,6
9,796,1
0,797,5
1,797,4
2,797,2
3,797,7
4,797,8
5,797,9
6,797,0
7,797,1
8,797,6
9,797,3
0,798,5
1,798,4
2,798,1
3,798,8
4,798,7
5,798,3
6,798,0
7,798,2
8,798,6
9,798,9
0,799,4
1,799,0
2,799,1
3,799,7
4,799,8
5,799,3
6,799,5
7,799,2
8,799,6
9,799,9
0,800,5
1,800,0
2,800,7
3,800,1
4,800,8
5,800,9
6,800,4
7,800,2
8,800,6
9,800,3
0,801,4
1,801,5
2,801,7
3,801,1
4,801,0
5,801,9
6,801,8
7,801,2
8,801,6
9,801,3
0,802,1
1,802,5
2,802,2
3,802,3
4,802,0
5,802,9
6,802,8
7,802,7
8,802,6
9,802,4
0,803,6
1,803,5
2,803,2
3,803,3
4,803,9
5,803,0
6,803,8
7,803,7
8,803,4
9,803,1
0,804,6
1,804,5
2,804,0
3,804,3
4,804,2
5,804,9
6,804,1
7,804,7
8,804,4
9,804,8
0,805,6
1,805,5
2,805,0
3,805,1
4,805,2
5,805,4
6,805,9
7,805,7
8,805,3
9,805,8
0,806,6
1,806,5
2,806,0
3,806,7
4,806,2
5,806,9
6,806,3
7,806,1
8,806,4
9,806,8
0,807,3
1,807,5
2,807,0
3,807,4
4,807,2
5,807,6
6,807,9
7,807,1
8,807,7
9,807,8
0,808,3
1,808,0
2,808,5
3,808,8
4,808,4
5,808,6
6,808,9
7,808,1
8,808,7
9,808,2
0,809,8
1,809,3
2,809,5
3,809,0
4,809,4
5,809,6
6,809,9
7,809,7
8,809,1
9,809,2
0,810,8
1,810,4
2,810,5
3,810,1
4,810,3
5,810,6
6,810,9
7,810,7
8,810,2
9,810,0
0,811,3
1,811,4
2,811,8
3,811,1
4,811,6
5,811,5
6,811,9
7,811,7
8,811,2
9,811,0
0,812,3
1,812,4
2,812,1
3,812,8
4,812,9
5,812,5
6,812,6
7,812,7
8,812,0
9,812,2
0,813,3
1,813,7
2,813,1
3,813,8
4,813,2
5,813,5
6,813,6
7,813,9
8,813,0
9,813,4
0,814,0
1,814,7
2,814,6
3,814,8
4,814,1
5,814,5
6,814,2
7,814,9
8,814,3
9,814,4
0,815,1
1,815,5
2,815,0
3,815,8
4,815,6
5,815,7
6,815,2
7,815,9
8,815,3
9,815,4
0,816,9
1,816,5
2,816,0
3,816,8
4,816,6
5,816,7
6,816,2
7,816,3
8,816,4
9,816,1
0,817,3
1,817,5
2,817,1
3,817,8
4,817,6
5,817,9
6,817,2
7,817,7
8,817,4
9,817,0
0,818,3
1,818,7
2,818,1
3,818,8
4,818,0
5,818,9
6,818,5
7,818,2
8,818,4
9,818,6
0,819,3
1,819,8
2,819,6
3,819,7
4,819,0
5,819,9
6,819,5
7,819,4
8,819,2
9,819,1
0,820,4
1,820,8
2,820,3
3,820,6
4,820,0
5,820,9
6,820,5
7,820,7
8,820,2
9,820,1
0,821,4
1,821,3
2,821,8
3,821,6
4,821,7
5,821,9
6,821,0
7,821,5
8,821,2
9,821,1
0,822,4
1,822,8
2,822,6
3,822,7
4,822,3
5,822,9
6,822,0
7,822,5
8,822,2
9,822,1
0,823,2
1,823,8
2,823,4
3,823,6
4,823,3
5,823,9
6,823,0
7,823,5
8,823,7
9,823,1
0,824,2
1,824,8
2,824,4
3,824,6
4,824,0
5,824,1
6,824,7
7,824,5
8,824,3
9,824,9
0,825,2
1,825,8
2,825,4
3,825,5
4,825,3
5,825,9
6,825,7
7,825,6
8,825,0
9,825,1
0,826,4
1,826,8
2,826,2
3,826,5
4,826,7
5,826,6
6,826,3
7,826,9
8,826,0
9,826,1
0,827,4
1,827,9
2,827,8
3,827,5
4,827,7
5,827,6
6,827,2
7,827,3
8,827,0
9,827,1
0,828,5
1,828,9
2,828,8
3,828,4
4,828,0
5,828,6
6,828,3
7,828,2
8,828,7
9,828,1
0,829,4
1,829,1
2,829,6
3,829,5
4,829,0
5,829,8
6,829,3
7,829,2
8,829,7
9,829,9
0,830,6
1,830,1
2,830,5
3,830,0
4,830,4
5,830,8
6,830,3
7,830,2
8,830,7
9,830,9
0,831,0
1,831,1
2,831,5
3,831,6
4,831,4
5,831,8
6,831,3
7,831,2
8,831,7
9,831,9
0,832,1
1,832,8
2,832,5
3,832,6
4,832,2
5,832,0
6,832,3
7,832,4
8,832,7
9,832,9
0,833,1
1,833,5
2,833,0
3,833,6
4,833,2
5,833,8
6,833,9
7,833,4
8,833,7
9,833,3
0,834,1
1,834,5
2,834,4
3,834,6
4,834,9
5,834,8
6,834,3
7,834,0
8,834,7
9,834,2
0,835,1
1,835,5
2,835,0
3,835,7
4,835,9
5,835,8
6,835,3
7,835,4
8,835,2
9,835,6
0,836,1
1,836,4
2,836,7
3,836,3
4,836,9
5,836,8
6,836,0
7,836,5
8,836,2
9,836,6
0,837,9
1,837,5
2,837,2
3,837,3
4,837,1
5,837,8
6,837,0
7,837,4
8,837,7
9,837,6
0,838,9
1,838,5
2,838,2
3,838,3
4,838,8
5,838,1
6,838,0
7,838,4
8,838,7
9,838,6
0,839,2
1,839,5
2,839,9
3,839,3
4,839,8
5,839,0
6,839,6
7,839,4
8,839,7
9,839,1
0,840,2
1,840,5
2,840,1
3,840,4
4,840,8
5,840,0
6,840,6
7,840,9
8,840,7
9,840,3
0,841,2
1,841,5
2,841,1
3,841,4
4,841,7
5,841,0
6,841,6
7,841,9
8,841,8
9,841,3
0,842,1
1,842,5
2,842,3
3,842,4
4,842,7
5,842,0
6,842,9
7,842,6
8,842,8
9,842,2
0,843,6
1,843,5
2,843,3
3,843,0
4,843,1
5,843,4
6,843,9
7,843,7
8,843,8
9,843,2
0,844,3
1,844,7
2,844,6
3,844,0
4,844,1
5,844,4
6,844,9
7,844,5
8,844,2
9,844,8
0,845,3
1,845,0
2,845,2
3,845,8
4,845,1
5,845,4
6,845,9
7,845,5
8,845,6
9,845,7
0,846,3
1,846,1
2,846,6
3,846,8
4,846,0
5,846,4
6,846,5
7,846,9
8,846,2
9,846,7
0,847,8
1,847,1
2,847,6
3,847,3
4,847,0
5,847,9
6,847,5
7,847,2
8,847,4
9,847,7
0,848,8
1,848,1
2,848,4
3,848,6
4,848,0
5,848,9
6,848,3
7,848,2
8,848,5
9,848,7
0,849,5
1,849,1
2,849,2
3,849,6
4,849,7
5,849,9
6,849,3
7,849,4
8,849,8
9,849,0
0,850,4
1,850,8
2,850,5
3,850,6
4,850,7
5,850,9
6,850,3
7,850,2
8,850,1
9,850,0
0,851,0
1,851,8
2,851,5
3,851,4
4,851,7
5,851,6
6,851,3
7,851,2
8,851,1
9,851,9
0,852,9
1,852,3
2,852,5
3,852,4
4,852,7
5,852,1
6,852,8
7,852,2
8,852,6
9,852,0
0,853,9
1,853,2
2,853,5
3,853,4
4,853,8
5,853,1
6,853,7
7,853,0
8,853,6
9,853,3
0,854,9
1,854,2
2,854,5
3,854,6
4,854,4
5,854,1
6,854,3
7,854,0
8,854,8
9,854,7
0,855,9
1,855,2
2,855,0
3,855,6
4,855,7
5,855,1
6,855,3
7,855,8
8,855,5
9,855,4
0,856,5
1,856,2
2,856,0
3,856,6
4,856,1
5,856,3
6,856,7
7,856,8
8,856,9
9,856,4
0,857,5
1,857,3
2,857,0
3,857,1
4,857,7
5,857,2
6,857,6
7,857,8
8,857,9
9,857,4
0,858,1
1,858,3
2,858,0
3,858,2
4,858,7
5,858,8
6,858,6
7,858,5
8,858,9
9,858,4
0,859,1
1,859,8
2,859,7
3,859,9
4,859,0
5,859,3
6,859,6
7,859,5
8,859,2
9,859,4
0,860,9
1,860,8
2,860,5
3,860,1
4,860,6
5,860,3
6,860,0
7,860,7
8,860,2
9,860,4
0,861,9
1,861,4
2,861,5
3,861,0
4,861,6
5,861,2
6,861,1
7,861,7
8,861,3
9,861,8
0,862,9
1,862,4
2,862,5
3,862,8
4,862,6
5,862,1
6,862,7
7,862,2
8,862,3
9,862,0
0,863,5
1,863,4
2,863,0
3,863,9
4,863,6
5,863,1
6,863,7
7,863,2
8,863,3
9,863,8
0,864,7
1,864,5
2,864,0
3,864,9
4,864,6
5,864,1
6,864,4
7,864,3
8,864,2
9,864,8
0,865,2
1,865,8
2,865,0
3,865,9
4,865,4
5,865,1
6,865,6
7,865,3
8,865,7
9,865,5
0,866,2
1,866,8
2,866,0
3,866,9
4,866,1
5,866,6
6,866,4
7,866,7
8,866,3
9,866,5
0,867,2
1,867,1
2,867,7
3,867,3
4,867,8
5,867,6
6,867,4
7,867,0
8,867,9
9,867,5
0,868,2
1,868,1
2,868,7
3,868,3
4,868,4
5,868,6
6,868,0
7,868,5
8,868,9
9,868,8
0,869,5
1,869,6
2,869,7
3,869,3
4,869,4
5,869,2
6,869,0
7,869,1
8,869,9
9,869,8
0,870,3
1,870,8
2,870,7
3,870,5
4,870,4
5,870,2
6,870,9
7,870,1
8,870,0
9,870,6
0,871,0
1,871,2
2,871,7
3,871,3
4,871,4
5,871,8
6,871,9
7,871,1
8,871,5
9,871,6
0,872,1
1,872,2
2,872,7
3,872,3
4,872,4
5,872,9
6,872,8
7,872,5
8,872,0
9,872,6
0,873,3
1,873,2
2,873,7
3,873,8
4,873,4
5,873,6
6,873,1
7,873,5
8,873,0
9,873,9
0,874,8
1,874,2
2,874,1
3,874,3
4,874,4
5,874,6
6,874,7
7,874,0
8,874,5
9,874,9
0,875,8
1,875,2
2,875,9
3,875,3
4,875,6
5,875,5
6,875,7
7,875,0
8,875,4
9,875,1
0,876,1
1,876,0
2,876,9
3,876,3
4,876,7
5,876,5
6,876,6
7,876,2
8,876,4
9,876,8
0,877,6
1,877,0
2,877,9
3,877,3
4,877,1
5,877,8
6,877,7
7,877,2
8,877,4
9,877,5
0,878,6
1,878,0
2,878,4
3,878,3
4,878,9
5,878,8
6,878,1
7,878,2
8,878,7
9,878,5
0,879,6
1,879,0
2,879,3
3,879,4
4,879,7
5,879,8
6,879,1
7,879,2
8,879,5
9,879,9
0,880,6
1,880,7
2,880,3
3,880,8
4,880,0
5,880,4
6,880,1
7,880,5
8,880,2
9,880,9
0,881,6
1,881,4
2,881,3
3,881,8
4,881,9
5,881,2
6,881,1
7,881,5
8,881,7
9,881,0
0,882,7
1,882,4
2,882,3
3,882,6
4,882,9
5,882,2
6,882,1
7,882,8
8,882,5
9,882,0
0,883,1
1,883,4
2,883,8
3,883,6
4,883,9
5,883,7
6,883,2
7,883,3
8,883,5
9,883,0
0,884,1
1,884,7
2,884,8
3,884,6
4,884,5
5,884,4
6,884,2
7,884,0
8,884,9
9,884,3
0,885,4
1,885,7
2,885,8
3,885,5
4,885,0
5,885,1
6,885,2
7,885,6
8,885,9
9,885,3
0,886,7
1,886,2
2,886,8
3,886,5
4,886,0
5,886,3
6,886,4
7,886,6
8,886,9
9,886,1
0,887,7
1,887,2
2,887,5
3,887,6
4,887,8
5,887,3
6,887,4
7,887,0
8,887,9
9,887,1
0,888,5
1,888,7
2,888,2
3,888,6
4,888,1
5,888,3
6,888,4
7,888,0
8,888,9
9,888,8
0,889,6
1,889,7
2,889,2
3,889,8
4,889,1
5,889,5
6,889,4
7,889,0
8,889,9
9,889,3
0,890,7
1,890,5
2,890,2
3,890,8
4,890,9
5,890,6
6,890,4
7,890,0
8,890,1
9,890,3
0,891,7
1,891,5
2,891,2
3,891,8
4,891,6
5,891,9
6,891,4
7,891,0
8,891,1
9,891,3
0,892,7
1,892,5
2,892,2
3,892,1
4,892,3
5,892,6
6,892,4
7,892,0
8,892,8
9,892,9
0,893,6
1,893,5
2,893,1
3,893,2
4,893,3
5,893,8
6,893,4
7,893,0
8,893,7
9,893,9
0,894,0
1,894,5
2,894,1
3,894,7
4,894,8
5,894,3
6,894,4
7,894,6
8,894,2
9,894,9
0,895,8
1,895,4
2,895,1
3,895,7
4,895,0
5,895,3
6,895,5
7,895,9
8,895,2
9,895,6
0,896,8
1,896,4
2,896,1
3,896,6
4,896,3
5,896,7
6,896,5
7,896,9
8,896,2
9,896,0
0,897,4
1,897,3
2,897,1
3,897,5
4,897,8
5,897,7
6,897,6
7,897,9
8,897,2
9,897,0
0,898,3
1,898,4
2,898,1
3,898,5
4,898,8
5,898,7
6,898,6
7,898,9
8,898,2
9,898,0
0,899,3
1,899,4
2,899,1
3,899,5
4,899,8
5,899,7
6,899,9
7,899,6
8,899,2
9,899,0
0,900,3
1,900,4
2,900,1
3,900,8
4,900,5
5,900,0
6,900,9
7,900,7
8,900,2
9,900,6
0,901,9
1,901,4
2,901,1
3,901,8
4,901,3
5,901,2
6,901,5
7,901,7
8,901,0
9,901,6
0,902,4
1,902,8
2,902,1
3,902,2
4,902,3
5,902,9
6,902,5
7,902,7
8,902,0
9,902,6
0,903,1
1,903,8
2,903,7
3,903,2
4,903,3
5,903,4
6,903,5
7,903,9
8,903,0
9,903,6
0,904,7
1,904,9
2,904,1
3,904,2
4,904,6
5,904,4
6,904,5
7,904,8
8,904,0
9,904,3
0,905,7
1,905,9
2,905,1
3,905,2
4,905,0
5,905,8
6,905,6
7,905,4
8,905,5
9,905,3
0,906,1
1,906,9
2,906,5
3,906,2
4,906,7
5,906,8
6,906,6
7,906,4
8,906,0
9,906,3
0,907,1
1,907,9
2,907,4
3,907,3
4,907,7
5,907,8
6,907,6
7,907,2
8,907,0
9,907,5
0,908,1
1,908,9
2,908,4
3,908,3
4,908,5
5,908,6
6,908,0
7,908,2
8,908,8
9,908,7
0,909,0
1,909,9
2,909,8
3,909,6
4,909,5
5,909,3
6,909,1
7,909,2
8,909,4
9,909,7
0,910,0
1,910,9
2,910,7
3,910,3
4,910,5
5,910,6
6,910,4
7,910,2
8,910,1
9,910,8
0,911,0
1,911,9
2,911,8
3,911,1
4,911,5
5,911,6
6,911,2
7,911,4
8,911,3
9,911,7
0,912,0
1,912,8
2,912,3
3,912,1
4,912,6
5,912,5
6,912,2
7,912,4
8,912,9
9,912,7
0,913,8
1,913,0
2,913,3
3,913,1
4,913,2
5,913,5
6,913,4
7,913,6
8,913,9
9,913,7
0,914,8
1,914,6
2,914,3
3,914,7
4,914,2
5,914,1
6,914,4
7,914,0
8,914,9
9,914,5
0,915,8
1,915,7
2,915,6
3,915,3
4,915,1
5,915,2
6,915,4
7,915,0
8,915,9
9,915,5
0,916,9
1,916,7
2,916,6
3,916,3
4,916,1
5,916,0
6,916,4
7,916,8
8,916,2
9,916,5
0,917,9
1,917,7
2,917,1
3,917,8
4,917,6
5,917,5
6,917,4
7,917,3
8,917,2
9,917,0
0,918,9
1,918,7
2,918,3
3,918,8
4,918,1
5,918,5
6,918,4
7,918,6
8,918,0
9,918,2
0,919,9
1,919,6
2,919,3
3,919,4
4,919,2
5,919,5
6,919,8
7,919,7
8,919,0
9,919,1
0,920,7
1,920,6
2,920,3
3,920,4
4,920,2
5,920,8
6,920,9
7,920,5
8,920,0
9,920,1
0,921,7
1,921,1
2,921,9
3,921,4
4,921,2
5,921,3
6,921,8
7,921,5
8,921,0
9,921,6
0,922,9
1,922,3
2,922,7
3,922,4
4,922,2
5,922,1
6,922,8
7,922,0
8,922,5
9,922,6
0,923,0
1,923,5
2,923,7
3,923,4
4,923,2
5,923,6
6,923,8
7,923,9
8,923,3
9,923,1
0,924,7
1,924,5
2,924,0
3,924,9
4,924,2
5,924,6
6,924,3
7,924,4
8,924,8
9,924,1
0,925,7
1,925,5
2,925,0
3,925,3
4,925,2
5,925,4
6,925,6
7,925,9
8,925,8
9,925,1
0,926,3
1,926,5
2,926,0
3,926,7
4,926,2
5,926,4
6,926,9
7,926,6
8,926,1
9,926,8
0,927,3
1,927,5
2,927,0
3,927,7
4,927,9
5,927,6
6,927,2
7,927,1
8,927,4
9,927,8
0,928,3
1,928,7
2,928,1
3,928,5
4,928,9
5,928,6
6,928,2
7,928,0
8,928,8
9,928,4
0,929,3
1,929,7
2,929,0
3,929,9
4,929,5
5,929,6
6,929,2
7,929,4
8,929,8
9,929,1
0,930,6
1,930,7
2,930,0
3,930,9
4,930,5
5,930,4
6,930,1
7,930,3
8,930,8
9,930,2
0,931,6
1,931,9
2,931,0
3,931,2
4,931,1
5,931,4
6,931,5
7,931,3
8,931,8
9,931,7
0,932,6
1,932,0
2,932,3
3,932,2
4,932,7
5,932,4
6,932,5
7,932,9
8,932,8
9,932,1
0,933,3
1,933,6
2,933,0
3,933,2
4,933,7
5,933,4
6,933,5
7,933,1
8,933,8
9,933,9
0,934,3
1,934,2
2,934,5
3,934,0
4,934,7
5,934,4
6,934,6
7,934,1
8,934,8
9,934,9
0,935,4
1,935,2
2,935,5
3,935,0
4,935,8
5,935,6
6,935,3
7,935,1
8,935,7
9,935,9
0,936,4
1,936,2
2,936,7
3,936,0
4,936,8
5,936,5
6,936,3
7,936,1
8,936,9
9,936,6
0,937,2
1,937,1
2,937,9
3,937,0
4,937,8
5,937,5
6,937,3
7,937,4
8,937,7
9,937,6
0,938,9
1,938,1
2,938,8
3,938,0
4,938,3
5,938,5
6,938,2
7,938,4
8,938,7
9,938,6
0,939,9
1,939,1
2,939,4
3,939,0
4,939,6
5,939,5
6,939,8
7,939,2
8,939,7
9,939,3
0,940,9
1,940,5
2,940,4
3,940,6
4,940,0
5,940,2
6,940,8
7,940,1
8,940,7
9,940,3
0,941,9
1,941,0
2,941,4
3,941,6
4,941,5
5,941,2
6,941,1
7,941,8
8,941,3
9,941,7
0,942,0
1,942,7
2,942,4
3,942,6
4,942,5
5,942,2
6,942,1
7,942,8
8,942,9
9,942,3
0,943,0
1,943,4
2,943,5
3,943,9
4,943,7
5,943,2
6,943,1
7,943,8
8,943,6
9,943,3
0,944,3
1,944,2
2,944,5
3,944,9
4,944,7
5,944,4
6,944,1
7,944,0
8,944,6
9,944,8
0,945,3
1,945,5
2,945,2
3,945,9
4,945,4
5,945,7
6,945,0
7,945,1
8,945,6
9,945,8
0,946,3
1,946,5
2,946,2
3,946,6
4,946,9
5,946,7
6,946,0
7,946,4
8,946,1
9,946,8
0,947,4
1,947,5
2,947,6
3,947,2
4,947,9
5,947,7
6,947,1
7,947,3
8,947,0
9,947,8
0,948,4
1,948,2
2,948,6
3,948,5
4,948,8
5,948,9
6,948,1
7,948,3
8,948,0
9,948,7
0,949,4
1,949,2
2,949,6
3,949,5
4,949,8
5,949,0
6,949,7
7,949,3
8,949,1
9,949,9
0,950,7
1,950,2
2,950,3
3,950,6
4,950,8
5,950,0
6,950,4
7,950,5
8,950,1
9,950,9
0,951,7
1,951,2
2,951,3
3,951,8
4,951,4
5,951,6
6,951,0
7,951,5
8,951,1
9,951,9
0,952,7
1,952,2
2,952,9
3,952,0
4,952,4
5,952,3
6,952,8
7,952,5
8,952,1
9,952,6
0,953,5
1,953,2
2,953,3
3,953,0
4,953,4
5,953,8
6,953,9
7,953,7
8,953,1
9,953,6
0,954,5
1,954,9
2,954,3
3,954,0
4,954,4
5,954,1
6,954,2
7,954,7
8,954,6
9,954,8
0,955,5
1,955,7
2,955,3
3,955,0
4,955,2
5,955,9
6,955,4
7,955,1
8,955,6
9,955,8
0,956,5
1,956,7
2,956,8
3,956,2
4,956,0
5,956,9
6,956,4
7,956,1
8,956,3
9,956,6
0,957,5
1,957,9
2,957,1
3,957,2
4,957,8
5,957,7
6,957,4
7,957,0
8,957,3
9,957,6
0,958,8
1,958,9
2,958,3
3,958,2
4,958,5
5,958,7
6,958,1
7,958,0
8,958,4
9,958,6
0,959,8
1,959,3
2,959,9
3,959,2
4,959,5
5,959,7
6,959,6
7,959,0
8,959,1
9,959,4
0,960,8
1,960,9
2,960,3
3,960,5
4,960,2
5,960,7
6,960,6
7,960,1
8,960,0
9,960,4
0,961,8
1,961,4
2,961,3
3,961,2
4,961,9
5,961,7
6,961,6
7,961,1
8,961,0
9,961,5
0,962,6
1,962,3
2,962,8
3,962,2
4,962,9
5,962,7
6,962,4
7,962,1
8,962,0
9,962,5
0,963,6
1,963,3
2,963,9
3,963,2
4,963,8
5,963,4
6,963,0
7,963,1
8,963,7
9,963,5
0,964,6
1,964,1
2,964,7
3,964,2
4,964,8
5,964,4
6,964,0
7,964,9
8,964,3
9,964,5
0,965,6
1,965,1
2,965,0
3,965,2
4,965,4
5,965,8
6,965,3
7,965,9
8,965,7
9,965,5
0,966,6
1,966,1
2,966,0
3,966,2
4,966,5
5,966,8
6,966,3
7,966,7
8,966,4
9,966,9
0,967,6
1,967,8
2,967,5
3,967,1
4,967,0
5,967,2
6,967,3
7,967,7
8,967,4
9,967,9
0,968,6
1,968,8
2,968,1
3,968,4
4,968,0
5,968,2
6,968,5
7,968,7
8,968,3
9,968,9
0,969,6
1,969,9
2,969,1
3,969,4
4,969,0
5,969,3
6,969,7
7,969,5
8,969,2
9,969,8
0,970,6
1,970,9
2,970,1
3,970,4
4,970,0
5,970,3
6,970,5
7,970,7
8,970,2
9,970,8
0,971,7
1,971,9
2,971,1
3,971,2
4,971,0
5,971,6
6,971,5
7,971,3
8,971,4
9,971,8
0,972,7
1,972,0
2,972,9
3,972,1
4,972,2
5,972,6
6,972,5
7,972,3
8,972,4
9,972,8
0,973,7
1,973,4
2,973,1
3,973,9
4,973,8
5,973,6
6,973,5
7,973,3
8,973,0
9,973,2
0,974,7
1,974,4
2,974,6
3,974,9
4,974,0
5,974,1
6,974,5
7,974,2
8,974,8
9,974,3
0,975,7
1,975,4
2,975,6
3,975,9
4,975,0
5,975,8
6,975,5
7,975,1
8,975,3
9,975,2
0,976,7
1,976,5
2,976,6
3,976,0
4,976,2
5,976,8
6,976,4
7,976,1
8,976,3
9,976,9
0,977,3
1,977,5
2,977,6
3,977,0
4,977,2
5,977,8
6,977,4
7,977,1
8,977,7
9,977,9
0,978,3
1,978,5
2,978,6
3,978,4
4,978,7
5,978,9
6,978,0
7,978,1
8,978,2
9,978,8
0,979,0
1,979,2
2,979,3
3,979,4
4,979,7
5,979,9
6,979,6
7,979,1
8,979,5
9,979,8
0,980,0
1,980,2
2,980,3
3,980,9
4,980,7
5,980,4
6,980,5
7,980,6
8,980,1
9,980,8
0,981,0
1,981,2
2,981,8
3,981,1
4,981,7
5,981,4
6,981,5
7,981,3
8,981,9
9,981,6
0,982,0
1,982,1
2,982,8
3,982,2
4,982,4
5,982,9
6,982,5
7,982,3
8,982,7
9,982,6
0,983,0
1,983,1
2,983,2
3,983,8
4,983,7
5,983,3
6,983,5
7,983,9
8,983,4
9,983,6
0,984,0
1,984,1
2,984,9
3,984,8
4,984,6
5,984,3
6,984,2
7,984,5
8,984,4
9,984,7
0,985,0
1,985,1
2,985,9
3,985,6
4,985,3
5,985,5
6,985,2
7,985,8
8,985,4
9,985,7
0,986,7
1,986,1
2,986,8
3,986,3
4,986,6
5,986,5
6,986,2
7,986,9
8,986,4
9,986,0
0,987,3
1,987,1
2,987,8
3,987,7
4,987,5
5,987,6
6,987,2
7,987,9
8,987,0
9,987,4
0,988,3
1,988,0
2,988,8
3,988,2
4,988,5
5,988,6
6,988,1
7,988,9
8,988,7
9,988,4
0,989,5
1,989,0
2,989,6
3,989,1
4,989,3
5,989,8
6,989,2
7,989,9
8,989,7
9,989,4
0,990,5
1,990,4
2,990,6
3,990,3
4,990,0
5,990,8
6,990,2
7,990,9
8,990,7
9,990,1
0,991,5
1,991,6
2,991,4
3,991,3
4,991,0
5,991,1
6,991,2
7,991,8
8,991,7
9,991,9
0,992,8
1,992,5
2,992,4
3,992,0
4,992,3
5,992,1
6,992,2
7,992,6
8,992,7
9,992,9
0,993,8
1,993,7
2,993,3
3,993,1
4,993,4
5,993,0
6,993,2
7,993,6
8,993,5
9,993,9
0,994,4
1,994,7
2,994,9
3,994,1
4,994,8
5,994,0
6,994,2
7,994,3
8,994,5
9,994,6
0,995,0
1,995,7
2,995,9
3,995,2
4,995,8
5,995,4
6,995,5
7,995,3
8,995,1
9,995,6
0,996,1
1,996,7
2,996,9
3,996,5
4,996,2
5,996,4
6,996,8
7,996,3
8,996,0
9,996,6
0,997,1
1,997,7
2,997,5
3,997,2
4,997,9
5,997,4
6,997,8
7,997,3
8,997,6
9,997,0
0,998,1
1,998,7
2,998,5
3,998,2
4,998,0
5,998,4
6,998,8
7,998,3
8,998,6
9,998,9
0,999,1
1,999,7
2,999,9
3,999,5
4,999,0
5,999,4
6,999,2
7,999,3
8,999,6
9,999,8
